{"_id":{"$oid":"6aa507cc37068c6245ecf5b1"},"name":"AASHTIKAR PATIL NAGESH BAPURAO","house":"Lok Sabha","state":"Maharashtra","constituency":"HINGOLI"}
{"_id":{"$oid":"6aa507cc37068c6245ecf5b2"},"name":"ABDUL RASHID SHEIKH","house":"Lok Sabha","state":"Jammu And Kashmir","constituency":"BARAMULLAH"}
{"_id":{"$oid":"6aa507cc37068c6245ecf5b3"},"name":"ABHAY KUMAR SINHA","house":"Lok Sabha","state":"Bihar","constituency":"AURANGABAD"}
{"_id":{"$oid":"6aa507cc37068c6245ecf5b4"},"name":"ABHIJIT GANGOPADHYAY","house":"Lok Sabha","state":"West Bengal","constituency":"TAMLUK"}
{"_id":{"$oid":"6aa507cc37068c6245ecf5b5"},"name":"Abu Taher Khan","house":"Lok Sabha","state":"West Bengal","constituency":"MURSHIDABAD"}
{"_id":{"$oid":"6aa507cc37068c6245ecf5b6"},"name":"ADHIKARI SOUMENDU","house":"Lok Sabha","state":"West Bengal","constituency":"KANTHI"}
{"_id":{"$oid":"6aa507cc37068c6245ecf5b7"},"name":"ADITYA YADAV","house":"Lok Sabha","state":"Uttar Pradesh","constituency":"BADAUN"}
{"_id":{"$oid":"6aa507cc37068c6245ecf5b8"},"name":"Adv Adoor Prakash ","house":"Lok Sabha","state":"Kerala","constituency":"ATTINGAL"}
{"_id":{"$oid":"6aa507cc37068c6245ecf5b9"},"name":"Adv Dean Kuriakose","house":"Lok Sabha","state":"Kerala","constituency":"IDUKKI"}
{"_id":{"$oid":"6aa507cc37068c6245ecf5ba"},"name":"ADV GOWAAL KAGADA PADAVI","house":"Lok Sabha","state":"Maharashtra","constituency":"NANDURBAR"}
{"_id":{"$oid":"6aa507cc37068c6245ecf5bb"},"name":"ADV K FRANCIS GEORGE","house":"Lok Sabha","state":"Kerala","constituency":"KOTTAYAM"}
{"_id":{"$oid":"6aa507cc37068c6245ecf5bc"},"name":"AFZAL ANSARI","house":"Lok Sabha","state":"Uttar Pradesh","constituency":"GHAZIPUR"}
{"_id":{"$oid":"6aa507cc37068c6245ecf5bd"},"name":"AGA SYED RUHULLAH MEHDI","house":"Lok Sabha","state":"Jammu And Kashmir","constituency":"SRINAGAR"}
{"_id":{"$oid":"6aa507cc37068c6245ecf5be"},"name":"Ajay Bhatt","house":"Lok Sabha","state":"Uttarakhand","constituency":"NAINITAL UDHAM SINGH NAG."}
{"_id":{"$oid":"6aa507cc37068c6245ecf5bf"},"name":"Ajay Kumar Mandal","house":"Lok Sabha","state":"Bihar","constituency":"BHAGALPUR"}
{"_id":{"$oid":"6aa507cc37068c6245ecf5c0"},"name":"Ajay Tamta","house":"Lok Sabha","state":"Uttarakhand","constituency":"ALMORA"}
{"_id":{"$oid":"6aa507cc37068c6245ecf5c1"},"name":"AJENDRA SINGH LODHI","house":"Lok Sabha","state":"Uttar Pradesh","constituency":"HAMIRPUR"}
{"_id":{"$oid":"6aa507cc37068c6245ecf5c2"},"name":"AKHILESH YADAV","house":"Lok Sabha","state":"Uttar Pradesh","constituency":"KANNAUJ"}
{"_id":{"$oid":"6aa507cc37068c6245ecf5c3"},"name":"AKSHAYA YADAV","house":"Lok Sabha","state":"Uttar Pradesh","constituency":"FIROZABAD"}
{"_id":{"$oid":"6aa507cc37068c6245ecf5c4"},"name":"ALFRED KANNGAM S ARTHUR","house":"Lok Sabha","state":"Manipur","constituency":"OUTER MANIPUR"}
{"_id":{"$oid":"6aa507cc37068c6245ecf5c5"},"name":"Alok Kumar Suman","house":"Lok Sabha","state":"Bihar","constituency":"GOPALGANJ"}
{"_id":{"$oid":"6aa507cc37068c6245ecf5c6"},"name":"ALOK SHARMA","house":"Lok Sabha","state":"Madhya Pradesh","constituency":"BHOPAL"}
{"_id":{"$oid":"6aa507cc37068c6245ecf5c7"},"name":"AMAR SHARADRAO KALE","house":"Lok Sabha","state":"Maharashtra","constituency":"WARDHA"}
{"_id":{"$oid":"6aa507cc37068c6245ecf5c8"},"name":"AMARSING TISSO","house":"Lok Sabha","state":"Assam","constituency":"Diphu"}
{"_id":{"$oid":"6aa507cc37068c6245ecf5c9"},"name":"AMBICA G LAKSHMINARAYANA VALMIKI","house":"Lok Sabha","state":"Andhra Pradesh","constituency":"ANANTAPUR"}
{"_id":{"$oid":"6aa507cc37068c6245ecf5ca"},"name":"Amol Ramsing Kolhe","house":"Lok Sabha","state":"Maharashtra","constituency":"SHIRUR"}
{"_id":{"$oid":"6aa507cc37068c6245ecf5cb"},"name":"AMRARAM","house":"Lok Sabha","state":"Rajasthan","constituency":"SIKAR"}
{"_id":{"$oid":"6aa507cc37068c6245ecf5cc"},"name":"AMRINDER SINGH RAJA WARRING","house":"Lok Sabha","state":"Punjab","constituency":"LUDHIANA"}
{"_id":{"$oid":"6aa507cc37068c6245ecf5cd"},"name":"ANAND BHADAURIYA","house":"Lok Sabha","state":"Uttar Pradesh","constituency":"DHAURAHRA"}
{"_id":{"$oid":"6aa507cc37068c6245ecf5ce"},"name":"ANAND KUMAR","house":"Lok Sabha","state":"Uttar Pradesh","constituency":"BAHRAICH"}
{"_id":{"$oid":"6aa507cc37068c6245ecf5cf"},"name":"ANANTA NAYAK","house":"Lok Sabha","state":"Odisha","constituency":"KEONJHAR"}
{"_id":{"$oid":"6aa507cc37068c6245ecf5d0"},"name":"Andimuthu Raja","house":"Lok Sabha","state":"Tamil Nadu","constituency":"NILGIRIS"}
{"_id":{"$oid":"6aa507cc37068c6245ecf5d1"},"name":"ANDREW J. SYNGKON","house":"Lok Sabha","state":"Meghalaya","constituency":"SHILLONG"}
{"_id":{"$oid":"6aa507cc37068c6245ecf5d2"},"name":"ANGOMCHA BIMOL AKOIJAM","house":"Lok Sabha","state":"Manipur","constituency":"INNER MANIPUR"}
{"_id":{"$oid":"6aa507cc37068c6245ecf5d3"},"name":"ANIL BALUNI","house":"Lok Sabha","state":"Uttarakhand","constituency":"GARHWAL"}
{"_id":{"$oid":"6aa507cc37068c6245ecf5d4"},"name":"ANIL YESHWANT DESAI","house":"Lok Sabha","state":"Maharashtra","constituency":"MUMBAI SOUTH CENTRAL"}
{"_id":{"$oid":"6aa507cc37068c6245ecf5d5"},"name":"ANITA NAGARSINGH CHOUHAN","house":"Lok Sabha","state":"Madhya Pradesh","constituency":"RATLAM"}
{"_id":{"$oid":"6aa507cc37068c6245ecf5d6"},"name":"ANITA SUBHADARSHINI","house":"Lok Sabha","state":"Odisha","constituency":"ASKA"}
{"_id":{"$oid":"6aa507cc37068c6245ecf5d7"},"name":"Annpurna Devi ","house":"Lok Sabha","state":"Jharkhand","constituency":"KODARMA"}
{"_id":{"$oid":"6aa507cc37068c6245ecf5d8"},"name":"ANOOP PRADHAN BALMIKI","house":"Lok Sabha","state":"Uttar Pradesh","constituency":"HATHRAS"}
{"_id":{"$oid":"6aa507cc37068c6245ecf5d9"},"name":"Anto Antony","house":"Lok Sabha","state":"Kerala","constituency":"PATHANAMTHITTA"}
{"_id":{"$oid":"6aa507cc37068c6245ecf5da"},"name":"ANUP SANJAY DHOTRE","house":"Lok Sabha","state":"Maharashtra","constituency":"AKOLA"}
{"_id":{"$oid":"6aa507cc37068c6245ecf5db"},"name":"Anurag Sharma ","house":"Lok Sabha","state":"Uttar Pradesh","constituency":"JHANSI"}
{"_id":{"$oid":"6aa507cc37068c6245ecf5dc"},"name":"Anurag Singh Thakur","house":"Lok Sabha","state":"Himachal Pradesh","constituency":"HAMIRPUR"}
{"_id":{"$oid":"6aa507cc37068c6245ecf5dd"},"name":"Appalanaidu Kalisetti","house":"Lok Sabha","state":"Andhra Pradesh","constituency":"VIZIANAGARAM"}
{"_id":{"$oid":"6aa507cc37068c6245ecf5de"},"name":"ARUN BHARTI","house":"Lok Sabha","state":"Bihar","constituency":"JAMUI"}
{"_id":{"$oid":"6aa507cc37068c6245ecf5df"},"name":"ARUN GOVIL","house":"Lok Sabha","state":"Uttar Pradesh","constituency":"MEERUT"}
{"_id":{"$oid":"6aa507cc37068c6245ecf5e0"},"name":"ARUN NEHRU","house":"Lok Sabha","state":"Tamil Nadu","constituency":"PERAMBALUR"}
{"_id":{"$oid":"6aa507cc37068c6245ecf5e1"},"name":"ARUNA. D. K","house":"Lok Sabha","state":"Telangana","constituency":"MAHABUBNAGAR"}
{"_id":{"$oid":"6aa507cc37068c6245ecf5e2"},"name":"ARUP CHAKRABORTY","house":"Lok Sabha","state":"West Bengal","constituency":"BANKURA"}
{"_id":{"$oid":"6aa507cc37068c6245ecf5e3"},"name":"Arvind Dharmapuri","house":"Lok Sabha","state":"Telangana","constituency":"NIZAMABAD"}
{"_id":{"$oid":"6aa507cc37068c6245ecf5e4"},"name":"Arvind Ganpat Sawant","house":"Lok Sabha","state":"Maharashtra","constituency":"MUMBAI SOUTH"}
{"_id":{"$oid":"6aa507cc37068c6245ecf5e5"},"name":"Asaduddin Owaisi","house":"Lok Sabha","state":"Telangana","constituency":"HYDERABAD"}
{"_id":{"$oid":"6aa507cc37068c6245ecf5e6"},"name":"ASHISH DUBEY","house":"Lok Sabha","state":"Madhya Pradesh","constituency":"JABALPUR"}
{"_id":{"$oid":"6aa507cc37068c6245ecf5e7"},"name":"Ashok Kumar Rawat","house":"Lok Sabha","state":"Uttar Pradesh","constituency":"MISRIKH"}
{"_id":{"$oid":"6aa507cc37068c6245ecf5e8"},"name":"Ashok Kumar Yadav ","house":"Lok Sabha","state":"Bihar","constituency":"MADHUBANI"}
{"_id":{"$oid":"6aa507cc37068c6245ecf5e9"},"name":"Asit Kumar Mal ","house":"Lok Sabha","state":"West Bengal","constituency":"BOLPUR"}
{"_id":{"$oid":"6aa507cc37068c6245ecf5ea"},"name":"ATUL GARG","house":"Lok Sabha","state":"Uttar Pradesh","constituency":"GHAZIABAD"}
{"_id":{"$oid":"6aa507cc37068c6245ecf5eb"},"name":"AVIMANYU SETHI","house":"Lok Sabha","state":"Odisha","constituency":"BHADRAK"}
{"_id":{"$oid":"6aa507cc37068c6245ecf5ec"},"name":"AWADHESH PRASAD","house":"Lok Sabha","state":"Uttar Pradesh","constituency":"FAIZABAD"}
{"_id":{"$oid":"6aa507cc37068c6245ecf5ed"},"name":"AZAD KIRTI JHA","house":"Lok Sabha","state":"West Bengal","constituency":"BARDHAMAN-DURGAPUR"}
{"_id":{"$oid":"6aa507cc37068c6245ecf5ee"},"name":"B K PARTHASARATHI","house":"Lok Sabha","state":"Andhra Pradesh","constituency":"HINDUPUR"}
{"_id":{"$oid":"6aa507cc37068c6245ecf5ef"},"name":"BABU SINGH KUSHWAHA","house":"Lok Sabha","state":"Uttar Pradesh","constituency":"JAUNPUR"}
{"_id":{"$oid":"6aa507cc37068c6245ecf5f0"},"name":"BACHHAV SHOBHA DINESH","house":"Lok Sabha","state":"Maharashtra","constituency":"DHULE"}
{"_id":{"$oid":"6aa507cc37068c6245ecf5f1"},"name":"BAG MITALI","house":"Lok Sabha","state":"West Bengal","constituency":"ARAMBAG"}
{"_id":{"$oid":"6aa507cc37068c6245ecf5f2"},"name":"BAIJAYANT PANDA","house":"Lok Sabha","state":"Odisha","constituency":"KENDRAPARA"}
{"_id":{"$oid":"6aa507cc37068c6245ecf5f3"},"name":"BAJRANG MANOHAR SONWANE","house":"Lok Sabha","state":"Maharashtra","constituency":"BEED"}
{"_id":{"$oid":"6aa507cc37068c6245ecf5f4"},"name":"BALABHADRA MAJHI","house":"Lok Sabha","state":"Odisha","constituency":"NABARANGPUR"}
{"_id":{"$oid":"6aa507cc37068c6245ecf5f5"},"name":"Balashowry Vallabbhaneni","house":"Lok Sabha","state":"Andhra Pradesh","constituency":"MACHILIPATNAM"}
{"_id":{"$oid":"6aa507cc37068c6245ecf5f6"},"name":"BALRAM NAIK PORIKA","house":"Lok Sabha","state":"Telangana","constituency":"MAHABUBABAD"}
{"_id":{"$oid":"6aa507cc37068c6245ecf5f7"},"name":"BALWANT BASWANT WANKHADE","house":"Lok Sabha","state":"Maharashtra","constituency":"AMRAVATI"}
{"_id":{"$oid":"6aa507cc37068c6245ecf5f8"},"name":"BALYA MAMA SURESH GOPINATH MHATRE","house":"Lok Sabha","state":"Maharashtra","constituency":"BHIWANDI"}
{"_id":{"$oid":"6aa507cc37068c6245ecf5f9"},"name":"Bansuri Swaraj","house":"Lok Sabha","state":"Delhi","constituency":"NEW DELHI"}
{"_id":{"$oid":"6aa507cc37068c6245ecf5fa"},"name":"BAPI HALDAR","house":"Lok Sabha","state":"West Bengal","constituency":"MATHURAPUR"}
{"_id":{"$oid":"6aa507cc37068c6245ecf5fb"},"name":"BASAVARAJ BOMMAI","house":"Lok Sabha","state":"Karnataka","constituency":"HAVERI"}
{"_id":{"$oid":"6aa507cc37068c6245ecf5fc"},"name":"BASTIPATI NAGARAJU PANCHALINGALA","house":"Lok Sabha","state":"Andhra Pradesh","constituency":"KURNOOL"}
{"_id":{"$oid":"6aa507cc37068c6245ecf5fd"},"name":"Bhagirath Chaudhary","house":"Lok Sabha","state":"Rajasthan","constituency":"AJMER"}
{"_id":{"$oid":"6aa507cc37068c6245ecf5fe"},"name":"BHAJAN LAL JATAV","house":"Lok Sabha","state":"Rajasthan","constituency":"KARAULI-DHOLPUR"}
{"_id":{"$oid":"6aa507cc37068c6245ecf5ff"},"name":"BHARAT SINGH KUSHWAH","house":"Lok Sabha","state":"Madhya Pradesh","constituency":"GWALIOR"}
{"_id":{"$oid":"6aa507cc37068c6245ecf600"},"name":"BHARATBHAI MANUBHAI SUTARIYA","house":"Lok Sabha","state":"Gujarat","constituency":"AMRELI"}
{"_id":{"$oid":"6aa507cc37068c6245ecf601"},"name":"Bharatsinhji Shankarji Dabhi","house":"Lok Sabha","state":"Gujarat","constituency":"PATAN"}
{"_id":{"$oid":"6aa507cc37068c6245ecf602"},"name":"BHARTI PARDHI","house":"Lok Sabha","state":"Madhya Pradesh","constituency":"BALAGHAT"}
{"_id":{"$oid":"6aa507cc37068c6245ecf603"},"name":"BHASKAR MURLIDHAR BHAGARE","house":"Lok Sabha","state":"Maharashtra","constituency":"DINDORI"}
{"_id":{"$oid":"6aa507cc37068c6245ecf604"},"name":"BHAUSAHEB RAJARAM WAKCHAURE","house":"Lok Sabha","state":"Maharashtra","constituency":"SHIRDI"}
{"_id":{"$oid":"6aa507cc37068c6245ecf605"},"name":"BHOJRAJ NAG","house":"Lok Sabha","state":"Chhattisgarh","constituency":"KANKER"}
{"_id":{"$oid":"6aa507cc37068c6245ecf606"},"name":"Bhola Singh","house":"Lok Sabha","state":"Uttar Pradesh","constituency":"BULANDSHAHR"}
{"_id":{"$oid":"6aa507cc37068c6245ecf607"},"name":"BHUMARE SANDIPANRAO ASARAM","house":"Lok Sabha","state":"Maharashtra","constituency":"AURANGABAD"}
{"_id":{"$oid":"6aa507cc37068c6245ecf608"},"name":"Bhupathiraju Srinivasa varma","house":"Lok Sabha","state":"Andhra Pradesh","constituency":"NARASAPURAM"}
{"_id":{"$oid":"6aa507cc37068c6245ecf609"},"name":"BHUPENDER YADAV","house":"Lok Sabha","state":"Rajasthan","constituency":"ALWAR"}
{"_id":{"$oid":"6aa507cc37068c6245ecf60a"},"name":"BIBHU PRASAD TARAI","house":"Lok Sabha","state":"Odisha","constituency":"JAGATSINGHPUR"}
{"_id":{"$oid":"6aa507cc37068c6245ecf60b"},"name":"Bidyut Baran Mahato","house":"Lok Sabha","state":"Jharkhand","constituency":"JAMSHEDPUR"}
{"_id":{"$oid":"6aa507cc37068c6245ecf60c"},"name":"BIJULI KALITA MEDHI","house":"Lok Sabha","state":"Assam","constituency":"GUWAHATI"}
{"_id":{"$oid":"6aa507cc37068c6245ecf60d"},"name":"BIPLAB KUMAR DEB","house":"Lok Sabha","state":"Tripura","constituency":"TRIPURA WEST"}
{"_id":{"$oid":"6aa507cc37068c6245ecf60e"},"name":"BISHNU PADA RAY","house":"Lok Sabha","state":"Andaman And Nicobar Islands","constituency":"ANDAMAN AND NICOBAR ISLANDS"}
{"_id":{"$oid":"6aa507cc37068c6245ecf60f"},"name":"BRIJENDRA SINGH OLA","house":"Lok Sabha","state":"Rajasthan","constituency":"JHUNJHUNU"}
{"_id":{"$oid":"6aa507cc37068c6245ecf610"},"name":"BRIJMOHAN AGRAWAL","house":"Lok Sabha","state":"Chhattisgarh","constituency":"RAIPUR"}
{"_id":{"$oid":"6aa507cc37068c6245ecf611"},"name":"BUNTY VIVEK SAHU","house":"Lok Sabha","state":"Madhya Pradesh","constituency":"CHHINDWARA"}
{"_id":{"$oid":"6aa507cc37068c6245ecf612"},"name":"C R Patil","house":"Lok Sabha","state":"Gujarat","constituency":"NAVSARI"}
{"_id":{"$oid":"6aa507cc37068c6245ecf613"},"name":"C.M.RAMESH","house":"Lok Sabha","state":"Andhra Pradesh","constituency":"ANAKAPALLE"}
{"_id":{"$oid":"6aa507cc37068c6245ecf614"},"name":"CAPTAIN BRIJESH CHOWTA","house":"Lok Sabha","state":"Karnataka","constituency":"DAKSHINA KANNADA"}
{"_id":{"$oid":"6aa507cc37068c6245ecf615"},"name":"CAPTAIN VIRIATO FERNANDES","house":"Lok Sabha","state":"Goa","constituency":"SOUTH GOA"}
{"_id":{"$oid":"6aa507cc37068c6245ecf616"},"name":"CHAMALA KIRAN KUMAR REDDY","house":"Lok Sabha","state":"Telangana","constituency":"BHONGIR"}
{"_id":{"$oid":"6aa507cc37068c6245ecf617"},"name":"CHANDAN CHAUHAN","house":"Lok Sabha","state":"Uttar Pradesh","constituency":"BIJNOR"}
{"_id":{"$oid":"6aa507cc37068c6245ecf618"},"name":"Chandra Prakash Joshi","house":"Lok Sabha","state":"Rajasthan","constituency":"CHITTORGARH"}
{"_id":{"$oid":"6aa507cc37068c6245ecf619"},"name":"CHANDRA SHEKHAR","house":"Lok Sabha","state":"Uttar Pradesh","constituency":"NAGINA"}
{"_id":{"$oid":"6aa507cc37068c6245ecf61a"},"name":"CHANDUBHAI CHHAGANBHAI SHIHORA","house":"Lok Sabha","state":"Gujarat","constituency":"SURENDRANAGAR"}
{"_id":{"$oid":"6aa507cc37068c6245ecf61b"},"name":"CHARANJIT SINGH CHANNI","house":"Lok Sabha","state":"Punjab","constituency":"JALANDHAR"}
{"_id":{"$oid":"6aa507cc37068c6245ecf61c"},"name":"CHAVAN VASANTRAO BALWANTRAO","house":"Lok Sabha","state":"Maharashtra","constituency":"NANDED"}
{"_id":{"$oid":"6aa507cc37068c6245ecf61d"},"name":"CHHATRA PAL SINGH GANGWAR","house":"Lok Sabha","state":"Uttar Pradesh","constituency":"BAREILLY"}
{"_id":{"$oid":"6aa507cc37068c6245ecf61e"},"name":"CHHATRAPATI SHAHU SHAHAJI","house":"Lok Sabha","state":"Maharashtra","constituency":"KOLHAPUR"}
{"_id":{"$oid":"6aa507cc37068c6245ecf61f"},"name":"CHHOTELAL","house":"Lok Sabha","state":"Uttar Pradesh","constituency":"ROBERTSGANJ"}
{"_id":{"$oid":"6aa507cc37068c6245ecf620"},"name":"CHINTAMANI MAHARAJ","house":"Lok Sabha","state":"Chhattisgarh","constituency":"SARGUJA"}
{"_id":{"$oid":"6aa507cc37068c6245ecf621"},"name":"CHIRAG PASWAN","house":"Lok Sabha","state":"Bihar","constituency":"HAJIPUR"}
{"_id":{"$oid":"6aa507cc37068c6245ecf622"},"name":"CN Annadurai","house":"Lok Sabha","state":"Tamil Nadu","constituency":"TIRUVANNAMALAI"}
{"_id":{"$oid":"6aa507cc37068c6245ecf623"},"name":"D M Kathir Anand","house":"Lok Sabha","state":"Tamil Nadu","constituency":"VELLORE"}
{"_id":{"$oid":"6aa507cc37068c6245ecf624"},"name":"D Ravikumar ","house":"Lok Sabha","state":"Tamil Nadu","constituency":"VILUPPURAM"}
{"_id":{"$oid":"6aa507cc37068c6245ecf625"},"name":"Daggubati Purandeshwari","house":"Lok Sabha","state":"Andhra Pradesh","constituency":"RAJAHMUNDRY"}
{"_id":{"$oid":"6aa507cc37068c6245ecf626"},"name":"DAGGUMALLA PRASADA RAO","house":"Lok Sabha","state":"Andhra Pradesh","constituency":"CHITTOOR"}
{"_id":{"$oid":"6aa507cc37068c6245ecf627"},"name":"DAMODAR AGARWAL","house":"Lok Sabha","state":"Rajasthan","constituency":"BHILWARA"}
{"_id":{"$oid":"6aa507cc37068c6245ecf628"},"name":"DAROGA PRASAD SAROJ","house":"Lok Sabha","state":"Uttar Pradesh","constituency":"LALGANJ"}
{"_id":{"$oid":"6aa507cc37068c6245ecf629"},"name":"DARSHAN SINGH CHOUDHARY","house":"Lok Sabha","state":"Madhya Pradesh","constituency":"HOSHANGABAD"}
{"_id":{"$oid":"6aa507cc37068c6245ecf62a"},"name":"DEEPENDER SINGH HOODA","house":"Lok Sabha","state":"Haryana","constituency":"ROHTAK"}
{"_id":{"$oid":"6aa507cc37068c6245ecf62b"},"name":"Devendra Alias Bhole Singh","house":"Lok Sabha","state":"Uttar Pradesh","constituency":"AKBARPUR"}
{"_id":{"$oid":"6aa507cc37068c6245ecf62c"},"name":"DEVESH CHANDRA THAKUR","house":"Lok Sabha","state":"Bihar","constituency":"SITAMARHI"}
{"_id":{"$oid":"6aa507cc37068c6245ecf62d"},"name":"DEVESH SHAKYA","house":"Lok Sabha","state":"Uttar Pradesh","constituency":"ETAH"}
{"_id":{"$oid":"6aa507cc37068c6245ecf62e"},"name":"Devusinh Jesingbhai Chauhan","house":"Lok Sabha","state":"Gujarat","constituency":"KHEDA"}
{"_id":{"$oid":"6aa507cc37068c6245ecf62f"},"name":"Dhairyasheel Sambhajirao Mane","house":"Lok Sabha","state":"Maharashtra","constituency":"HATKANANGLE"}
{"_id":{"$oid":"6aa507cc37068c6245ecf630"},"name":"DHANORKAR PRATIBHA SURESH ALIAS BALUBHAU","house":"Lok Sabha","state":"Maharashtra","constituency":"CHANDRAPUR"}
{"_id":{"$oid":"6aa507cc37068c6245ecf631"},"name":"DHARMENDRA PRADHAN","house":"Lok Sabha","state":"Odisha","constituency":"SAMBALPUR"}
{"_id":{"$oid":"6aa507cc37068c6245ecf632"},"name":"DHARMENDRA YADAV","house":"Lok Sabha","state":"Uttar Pradesh","constituency":"AZAMGARH"}
{"_id":{"$oid":"6aa507cc37068c6245ecf633"},"name":"DHAVAL LAXMANBHAI PATEL","house":"Lok Sabha","state":"Gujarat","constituency":"VALSAD"}
{"_id":{"$oid":"6aa507cc37068c6245ecf634"},"name":"Dileshwar Kamait ","house":"Lok Sabha","state":"Bihar","constituency":"SUPAUL"}
{"_id":{"$oid":"6aa507cc37068c6245ecf635"},"name":"Dilip Saikia","house":"Lok Sabha","state":"Assam","constituency":"Darrang-Udalguri"}
{"_id":{"$oid":"6aa507cc37068c6245ecf636"},"name":"Dinesh Chandra Yadav","house":"Lok Sabha","state":"Bihar","constituency":"MADHEPURA"}
{"_id":{"$oid":"6aa507cc37068c6245ecf637"},"name":"DINESHBHAI MAKWANA","house":"Lok Sabha","state":"Gujarat","constituency":"AHMEDABAD WEST"}
{"_id":{"$oid":"6aa507cc37068c6245ecf638"},"name":"DR BYREDDY SHABARI","house":"Lok Sabha","state":"Andhra Pradesh","constituency":"NANDYAL"}
{"_id":{"$oid":"6aa507cc37068c6245ecf639"},"name":"DR C N MANJUNATH","house":"Lok Sabha","state":"Karnataka","constituency":"BANGALORE RURAL"}
{"_id":{"$oid":"6aa507cc37068c6245ecf63a"},"name":"Dr Chandra Sekhar Pemmasani","house":"Lok Sabha","state":"Andhra Pradesh","constituency":"GUNTUR"}
{"_id":{"$oid":"6aa507cc37068c6245ecf63b"},"name":"DR DHARAMVIRA GANDHI","house":"Lok Sabha","state":"Punjab","constituency":"PATIALA"}
{"_id":{"$oid":"6aa507cc37068c6245ecf63c"},"name":"Dr Jayanta Kumar Roy","house":"Lok Sabha","state":"West Bengal","constituency":"JALPAIGURI"}
{"_id":{"$oid":"6aa507cc37068c6245ecf63d"},"name":"DR KALGE SHIVAJI BANDAPPA","house":"Lok Sabha","state":"Maharashtra","constituency":"LATUR"}
{"_id":{"$oid":"6aa507cc37068c6245ecf63e"},"name":"Dr Mohammad Jawed","house":"Lok Sabha","state":"Bihar","constituency":"KISHANGANJ"}
{"_id":{"$oid":"6aa507cc37068c6245ecf63f"},"name":"DR RAJKUMAR SANGWAN","house":"Lok Sabha","state":"Uttar Pradesh","constituency":"BAGHPAT"}
{"_id":{"$oid":"6aa507cc37068c6245ecf640"},"name":"DR RANI SRI KUMAR","house":"Lok Sabha","state":"Tamil Nadu","constituency":"TENKASI"}
{"_id":{"$oid":"6aa507cc37068c6245ecf641"},"name":"Dr Shashi Tharoor","house":"Lok Sabha","state":"Kerala","constituency":"THIRUVANANTHAPURAM"}
{"_id":{"$oid":"6aa507cc37068c6245ecf642"},"name":"Dr Sukanta Majumdar ","house":"Lok Sabha","state":"West Bengal","constituency":"BALURGHAT"}
{"_id":{"$oid":"6aa507cc37068c6245ecf643"},"name":"DR. HEMANG JOSHI","house":"Lok Sabha","state":"Gujarat","constituency":"VADODARA"}
{"_id":{"$oid":"6aa507cc37068c6245ecf644"},"name":"DR. HEMANT VISHNU SAVARA","house":"Lok Sabha","state":"Maharashtra","constituency":"PALGHAR"}
{"_id":{"$oid":"6aa507cc37068c6245ecf645"},"name":"DR. KIRSAN NAMDEO","house":"Lok Sabha","state":"Maharashtra","constituency":"GADCHIROLI-CHIMUR"}
{"_id":{"$oid":"6aa507cc37068c6245ecf646"},"name":"DR. LATA WANKHEDE","house":"Lok Sabha","state":"Madhya Pradesh","constituency":"SAGAR"}
{"_id":{"$oid":"6aa507cc37068c6245ecf647"},"name":"DR. M.P ABDUSSAMAD SAMADANI","house":"Lok Sabha","state":"Kerala","constituency":"PONNANI"}
{"_id":{"$oid":"6aa507cc37068c6245ecf648"},"name":"DR. MANSUKH MANDAVIYA","house":"Lok Sabha","state":"Gujarat","constituency":"PORBANDAR"}
{"_id":{"$oid":"6aa507cc37068c6245ecf649"},"name":"DR. PRABHA MALLIKARJUN","house":"Lok Sabha","state":"Karnataka","constituency":"DAVANAGERE"}
{"_id":{"$oid":"6aa507cc37068c6245ecf64a"},"name":"DR. PRADEEP KUMAR PANIGRAHY","house":"Lok Sabha","state":"Odisha","constituency":"BERHAMPUR"}
{"_id":{"$oid":"6aa507cc37068c6245ecf64b"},"name":"DR. PRASHANT YADAORAO PADOLE","house":"Lok Sabha","state":"Maharashtra","constituency":"BHANDARA-GONDIYA"}
{"_id":{"$oid":"6aa507cc37068c6245ecf64c"},"name":"DR. RAJ KUMAR CHABBEWAL","house":"Lok Sabha","state":"Punjab","constituency":"HOSHIARPUR"}
{"_id":{"$oid":"6aa507cc37068c6245ecf64d"},"name":"DR. RAJESH MISHRA","house":"Lok Sabha","state":"Madhya Pradesh","constituency":"SIDHI"}
{"_id":{"$oid":"6aa507cc37068c6245ecf64e"},"name":"DR. S P SINGH","house":"Lok Sabha","state":"Uttar Pradesh","constituency":"PRATAPGARH"}
{"_id":{"$oid":"6aa507cc37068c6245ecf64f"},"name":"DR. SHARMILA SARKAR","house":"Lok Sabha","state":"West Bengal","constituency":"BARDHAMAN PURBA"}
{"_id":{"$oid":"6aa507cc37068c6245ecf650"},"name":"DR.K.SUDHAKAR","house":"Lok Sabha","state":"Karnataka","constituency":"CHIKBALLAPUR"}
{"_id":{"$oid":"6aa507cc37068c6245ecf651"},"name":"DR.MALLU RAVI","house":"Lok Sabha","state":"Telangana","constituency":"NAGARKURNOOL"}
{"_id":{"$oid":"6aa507cc37068c6245ecf652"},"name":"DULU MAHATO","house":"Lok Sabha","state":"Jharkhand","constituency":"DHANBAD"}
{"_id":{"$oid":"6aa507cc37068c6245ecf653"},"name":"DURAI VAIKO","house":"Lok Sabha","state":"Tamil Nadu","constituency":"TIRUCHIRAPPALLI"}
{"_id":{"$oid":"6aa507cc37068c6245ecf654"},"name":"Durga Das Uikey ","house":"Lok Sabha","state":"Madhya Pradesh","constituency":"BETUL"}
{"_id":{"$oid":"6aa507cc37068c6245ecf655"},"name":"Dushyant Singh","house":"Lok Sabha","state":"Rajasthan","constituency":"JHALAWAR-BARAN"}
{"_id":{"$oid":"6aa507cc37068c6245ecf656"},"name":"E. TUKARAM","house":"Lok Sabha","state":"Karnataka","constituency":"BELLARY"}
{"_id":{"$oid":"6aa507cc37068c6245ecf657"},"name":"E.T. MOHAMMED BASHEER","house":"Lok Sabha","state":"Kerala","constituency":"MALAPPURAM"}
{"_id":{"$oid":"6aa507cc37068c6245ecf658"},"name":"EATALA RAJENDER","house":"Lok Sabha","state":"Telangana","constituency":"MALKAJGIRI"}
{"_id":{"$oid":"6aa507cc37068c6245ecf659"},"name":"ESWARASAMY K","house":"Lok Sabha","state":"Tamil Nadu","constituency":"POLLACHI"}
{"_id":{"$oid":"6aa507cc37068c6245ecf65a"},"name":"Faggan Singh Kulaste","house":"Lok Sabha","state":"Madhya Pradesh","constituency":"MANDLA"}
{"_id":{"$oid":"6aa507cc37068c6245ecf65b"},"name":"G. KUMAR NAIK","house":"Lok Sabha","state":"Karnataka","constituency":"RAICHUR"}
{"_id":{"$oid":"6aa507cc37068c6245ecf65c"},"name":"GAIKWAD VARSHA EKNATH","house":"Lok Sabha","state":"Maharashtra","constituency":"MUMBAI NORTH-CENTRAL"}
{"_id":{"$oid":"6aa507cc37068c6245ecf65d"},"name":"Gajendra Singh Patel","house":"Lok Sabha","state":"Madhya Pradesh","constituency":"KHARGONE"}
{"_id":{"$oid":"6aa507cc37068c6245ecf65e"},"name":"Gajendra Singh Shekhawat","house":"Lok Sabha","state":"Rajasthan","constituency":"JODHPUR"}
{"_id":{"$oid":"6aa507cc37068c6245ecf65f"},"name":"GANAPATHY RAJKUMAR P","house":"Lok Sabha","state":"Tamil Nadu","constituency":"COIMBATORE"}
{"_id":{"$oid":"6aa507cc37068c6245ecf660"},"name":"Ganesan Selvam","house":"Lok Sabha","state":"Tamil Nadu","constituency":"KANCHEEPURAM"}
{"_id":{"$oid":"6aa507cc37068c6245ecf661"},"name":"Ganesh Singh","house":"Lok Sabha","state":"Madhya Pradesh","constituency":"SATNA"}
{"_id":{"$oid":"6aa507cc37068c6245ecf662"},"name":"GAURAV GOGOI","house":"Lok Sabha","state":"Assam","constituency":"JORHAT"}
{"_id":{"$oid":"6aa507cc37068c6245ecf663"},"name":"GENIBEN NAGAJI THAKOR","house":"Lok Sabha","state":"Gujarat","constituency":"BANASKANTHA"}
{"_id":{"$oid":"6aa507cc37068c6245ecf664"},"name":"Giridhari Yadav","house":"Lok Sabha","state":"Bihar","constituency":"BANKA"}
{"_id":{"$oid":"6aa507cc37068c6245ecf665"},"name":"Giriraj Singh","house":"Lok Sabha","state":"Bihar","constituency":"BEGUSARAI"}
{"_id":{"$oid":"6aa507cc37068c6245ecf666"},"name":"GM Harish Balayogi","house":"Lok Sabha","state":"Andhra Pradesh","constituency":"AMALAPURAM"}
{"_id":{"$oid":"6aa507cc37068c6245ecf667"},"name":"GODAM NAGESH","house":"Lok Sabha","state":"Telangana","constituency":"ADILABAD"}
{"_id":{"$oid":"6aa507cc37068c6245ecf668"},"name":"GOPINATH K","house":"Lok Sabha","state":"Tamil Nadu","constituency":"KRISHNAGIRI"}
{"_id":{"$oid":"6aa507cc37068c6245ecf669"},"name":"GOVIND MAKTHAPPA KARJOL","house":"Lok Sabha","state":"Karnataka","constituency":"CHITRADURGA"}
{"_id":{"$oid":"6aa507cc37068c6245ecf66a"},"name":"Gumma Thanuja Rani","house":"Lok Sabha","state":"Andhra Pradesh","constituency":"ARAKU"}
{"_id":{"$oid":"6aa507cc37068c6245ecf66b"},"name":"GURMEET SINGH MEET HAYER","house":"Lok Sabha","state":"Punjab","constituency":"SANGRUR"}
{"_id":{"$oid":"6aa507cc37068c6245ecf66c"},"name":"Gyaneshwar Patil","house":"Lok Sabha","state":"Madhya Pradesh","constituency":"KHANDWA"}
{"_id":{"$oid":"6aa507cc37068c6245ecf66d"},"name":"H.D. KUMARASWAMY","house":"Lok Sabha","state":"Karnataka","constituency":"MANDYA"}
{"_id":{"$oid":"6aa507cc37068c6245ecf66e"},"name":"HARENDRA SINGH MALIK","house":"Lok Sabha","state":"Uttar Pradesh","constituency":"MUZAFFARNAGAR"}
{"_id":{"$oid":"6aa507cc37068c6245ecf66f"},"name":"HARIBHAI PATEL","house":"Lok Sabha","state":"Gujarat","constituency":"MAHESANA"}
{"_id":{"$oid":"6aa507cc37068c6245ecf670"},"name":"HARISH CHANDRA MEENA","house":"Lok Sabha","state":"Rajasthan","constituency":"TONK-SAWAI MADHOPUR"}
{"_id":{"$oid":"6aa507cc37068c6245ecf671"},"name":"Harsh Malhotra","house":"Lok Sabha","state":"Delhi","constituency":"EAST DELHI"}
{"_id":{"$oid":"6aa507cc37068c6245ecf672"},"name":"Hasmukh Bhai Soma Bhai Patel","house":"Lok Sabha","state":"Gujarat","constituency":"AHMEDABAD EAST"}
{"_id":{"$oid":"6aa507cc37068c6245ecf673"},"name":"IMRAN MASOOD","house":"Lok Sabha","state":"Uttar Pradesh","constituency":"SAHARANPUR"}
{"_id":{"$oid":"6aa507cc37068c6245ecf674"},"name":"Indra Hang Subba","house":"Lok Sabha","state":"Sikkim","constituency":"SIKKIM"}
{"_id":{"$oid":"6aa507cc37068c6245ecf675"},"name":"IQRA CHOUDHARY","house":"Lok Sabha","state":"Uttar Pradesh","constituency":"KAIRANA"}
{"_id":{"$oid":"6aa507cc37068c6245ecf676"},"name":"ISHA KHAN CHOUDHURY","house":"Lok Sabha","state":"West Bengal","constituency":"MALDAHA DAKSHIN"}
{"_id":{"$oid":"6aa507cc37068c6245ecf677"},"name":"JAGADISH CHANDRA BARMA BASUNIA","house":"Lok Sabha","state":"West Bengal","constituency":"COOCHBEHAR"}
{"_id":{"$oid":"6aa507cc37068c6245ecf678"},"name":"JAGADISH SHETTAR","house":"Lok Sabha","state":"Karnataka","constituency":"BELGAUM"}
{"_id":{"$oid":"6aa507cc37068c6245ecf679"},"name":"Jagannath Sarkar","house":"Lok Sabha","state":"West Bengal","constituency":"RANAGHAT"}
{"_id":{"$oid":"6aa507cc37068c6245ecf67a"},"name":"Jagdambika Pal","house":"Lok Sabha","state":"Uttar Pradesh","constituency":"DOMARIYAGANJ"}
{"_id":{"$oid":"6aa507cc37068c6245ecf67b"},"name":"JAI PARKASH","house":"Lok Sabha","state":"Haryana","constituency":"HISAR"}
{"_id":{"$oid":"6aa507cc37068c6245ecf67c"},"name":"Jai Prakash","house":"Lok Sabha","state":"Uttar Pradesh","constituency":"HARDOI"}
{"_id":{"$oid":"6aa507cc37068c6245ecf67d"},"name":"Janardan Mishra","house":"Lok Sabha","state":"Madhya Pradesh","constituency":"REWA"}
{"_id":{"$oid":"6aa507cc37068c6245ecf67e"},"name":"JASHUBHAI BHILUBHAI RATHVA","house":"Lok Sabha","state":"Gujarat","constituency":"CHHOTA UDAIPUR"}
{"_id":{"$oid":"6aa507cc37068c6245ecf67f"},"name":"Jaswantsinh Sumanbhai Bhabhor","house":"Lok Sabha","state":"Gujarat","constituency":"DAHOD"}
{"_id":{"$oid":"6aa507cc37068c6245ecf680"},"name":"JITAN RAM MANJHI","house":"Lok Sabha","state":"Bihar","constituency":"GAYA"}
{"_id":{"$oid":"6aa507cc37068c6245ecf681"},"name":"JITENDRA KUMAR DOHARE","house":"Lok Sabha","state":"Uttar Pradesh","constituency":"ETAWAH"}
{"_id":{"$oid":"6aa507cc37068c6245ecf682"},"name":"Jitendra Singh","house":"Lok Sabha","state":"Jammu And Kashmir","constituency":"UDHAMPUR"}
{"_id":{"$oid":"6aa507cc37068c6245ecf683"},"name":"JITIN PRASADA","house":"Lok Sabha","state":"Uttar Pradesh","constituency":"PILIBHIT"}
{"_id":{"$oid":"6aa507cc37068c6245ecf684"},"name":"JOBA MAJHI","house":"Lok Sabha","state":"Jharkhand","constituency":"SINGHBHUM"}
{"_id":{"$oid":"6aa507cc37068c6245ecf685"},"name":"JOYANTA BASUMATARY","house":"Lok Sabha","state":"Assam","constituency":"KOKRAJHAR"}
{"_id":{"$oid":"6aa507cc37068c6245ecf686"},"name":"JUNE MALIAH","house":"Lok Sabha","state":"West Bengal","constituency":"MEDINIPUR"}
{"_id":{"$oid":"6aa507cc37068c6245ecf687"},"name":"JYOTIRADITYA M. SCINDIA","house":"Lok Sabha","state":"Madhya Pradesh","constituency":"GUNA"}
{"_id":{"$oid":"6aa507cc37068c6245ecf688"},"name":"Jyotsna Charandas Mahant ","house":"Lok Sabha","state":"Chhattisgarh","constituency":"KORBA"}
{"_id":{"$oid":"6aa507cc37068c6245ecf689"},"name":"K E PRAKASH","house":"Lok Sabha","state":"Tamil Nadu","constituency":"ERODE"}
{"_id":{"$oid":"6aa507cc37068c6245ecf68a"},"name":"K RADHAKRISHNAN","house":"Lok Sabha","state":"Kerala","constituency":"ALATHUR"}
{"_id":{"$oid":"6aa507cc37068c6245ecf68b"},"name":"K Subbarayan","house":"Lok Sabha","state":"Tamil Nadu","constituency":"TIRUPPUR"}
{"_id":{"$oid":"6aa507cc37068c6245ecf68c"},"name":"K. C VENUGOPAL","house":"Lok Sabha","state":"Kerala","constituency":"ALAPPUZHA"}
{"_id":{"$oid":"6aa507cc37068c6245ecf68d"},"name":"K. RAJASHEKAR BASAVARAJ HITNAL","house":"Lok Sabha","state":"Karnataka","constituency":"KOPPAL"}
{"_id":{"$oid":"6aa507cc37068c6245ecf68e"},"name":"KADIYAM KAVYA","house":"Lok Sabha","state":"Telangana","constituency":"WARANGEL"}
{"_id":{"$oid":"6aa507cc37068c6245ecf68f"},"name":"Kakoli Ghosh Dastidar ","house":"Lok Sabha","state":"West Bengal","constituency":"BARASAT"}
{"_id":{"$oid":"6aa507cc37068c6245ecf690"},"name":"Kalaben Mohanbhai Delkar","house":"Lok Sabha","state":"The Dadra And Nagar Haveli And Daman And Diu","constituency":"DADRA & NAGAR HAVELI"}
{"_id":{"$oid":"6aa507cc37068c6245ecf691"},"name":"Kalanidhi Veeraswamy","house":"Lok Sabha","state":"Tamil Nadu","constituency":"CHENNAI NORTH"}
{"_id":{"$oid":"6aa507cc37068c6245ecf692"},"name":"KALI CHARAN MUNDA","house":"Lok Sabha","state":"Jharkhand","constituency":"KHUNTI"}
{"_id":{"$oid":"6aa507cc37068c6245ecf693"},"name":"KALI CHARAN SINGH","house":"Lok Sabha","state":"Jharkhand","constituency":"CHATRA"}
{"_id":{"$oid":"6aa507cc37068c6245ecf694"},"name":"KALIPADA SAREN","house":"Lok Sabha","state":"West Bengal","constituency":"JHARGRAM"}
{"_id":{"$oid":"6aa507cc37068c6245ecf695"},"name":"Kalyan Banerjee","house":"Lok Sabha","state":"West Bengal","constituency":"SREERAMPUR"}
{"_id":{"$oid":"6aa507cc37068c6245ecf696"},"name":"KALYAN VAIJINATHRAO KALE","house":"Lok Sabha","state":"Maharashtra","constituency":"JALNA"}
{"_id":{"$oid":"6aa507cc37068c6245ecf697"},"name":"KAMAKHYA PRASAD TASA","house":"Lok Sabha","state":"Assam","constituency":"Kaziranga"}
{"_id":{"$oid":"6aa507cc37068c6245ecf698"},"name":"Kamaljeet Sehrawat","house":"Lok Sabha","state":"Delhi","constituency":"WEST DELHI"}
{"_id":{"$oid":"6aa507cc37068c6245ecf699"},"name":"KAMLESH JANGDE","house":"Lok Sabha","state":"Chhattisgarh","constituency":"JANJGIR CHAMPA"}
{"_id":{"$oid":"6aa507cc37068c6245ecf69a"},"name":"Kamlesh Paswan","house":"Lok Sabha","state":"Uttar Pradesh","constituency":"BANSGAON"}
{"_id":{"$oid":"6aa507cc37068c6245ecf69b"},"name":"Kangana Ranaut","house":"Lok Sabha","state":"Himachal Pradesh","constituency":"MANDI"}
{"_id":{"$oid":"6aa507cc37068c6245ecf69c"},"name":"Kani K Navas","house":"Lok Sabha","state":"Tamil Nadu","constituency":"RAMANATHAPURAM"}
{"_id":{"$oid":"6aa507cc37068c6245ecf69d"},"name":"Kanimozhi Karunanidhi","house":"Lok Sabha","state":"Tamil Nadu","constituency":"THOOTHUKKUDI"}
{"_id":{"$oid":"6aa507cc37068c6245ecf69e"},"name":"KANWAR SINGH TANWAR","house":"Lok Sabha","state":"Uttar Pradesh","constituency":"AMROHA"}
{"_id":{"$oid":"6aa507cc37068c6245ecf69f"},"name":"KARAN BHUSHAN SINGH","house":"Lok Sabha","state":"Uttar Pradesh","constituency":"KAISERGANJ"}
{"_id":{"$oid":"6aa507cc37068c6245ecf6a0"},"name":"KARTICK CHANDRA PAUL","house":"Lok Sabha","state":"West Bengal","constituency":"RAIGANJ"}
{"_id":{"$oid":"6aa507cc37068c6245ecf6a1"},"name":"Kaushalendra Kumar","house":"Lok Sabha","state":"Bihar","constituency":"NALANDA"}
{"_id":{"$oid":"6aa507cc37068c6245ecf6a2"},"name":"Khagen Murmu","house":"Lok Sabha","state":"West Bengal","constituency":"MALDAHA UTTAR"}
{"_id":{"$oid":"6aa507cc37068c6245ecf6a3"},"name":"Khalilur Rahaman ","house":"Lok Sabha","state":"West Bengal","constituency":"JANGIPUR"}
{"_id":{"$oid":"6aa507cc37068c6245ecf6a4"},"name":"Kinjarapu Ram Mohan Naidu","house":"Lok Sabha","state":"Andhra Pradesh","constituency":"SRIKAKULAM"}
{"_id":{"$oid":"6aa507cc37068c6245ecf6a5"},"name":"Kiren Rijiju","house":"Lok Sabha","state":"Arunachal Pradesh","constituency":"ARUNACHAL WEST"}
{"_id":{"$oid":"6aa507cc37068c6245ecf6a6"},"name":"Kirti Vardhan Singh","house":"Lok Sabha","state":"Uttar Pradesh","constituency":"GONDA"}
{"_id":{"$oid":"6aa507cc37068c6245ecf6a7"},"name":"Kishan Reddy Gangapuram","house":"Lok Sabha","state":"Telangana","constituency":"SECUNDERABAD"}
{"_id":{"$oid":"6aa507cc37068c6245ecf6a8"},"name":"KISHORI LAL","house":"Lok Sabha","state":"Uttar Pradesh","constituency":"AMETHI"}
{"_id":{"$oid":"6aa507cc37068c6245ecf6a9"},"name":"KONDA VISHWESHWAR REDDY","house":"Lok Sabha","state":"Telangana","constituency":"CHELVELLA"}
{"_id":{"$oid":"6aa507cc37068c6245ecf6aa"},"name":"KOTA SRINIVAS POOJARY","house":"Lok Sabha","state":"Karnataka","constituency":"UDUPI CHIKMAGALUR"}
{"_id":{"$oid":"6aa507cc37068c6245ecf6ab"},"name":"Kripanath Mallah","house":"Lok Sabha","state":"Assam","constituency":"KARIMGANJ"}
{"_id":{"$oid":"6aa507cc37068c6245ecf6ac"},"name":"Krishan Pal Gurjar","house":"Lok Sabha","state":"Haryana","constituency":"FARIDABAD"}
{"_id":{"$oid":"6aa507cc37068c6245ecf6ad"},"name":"KRISHNA DEVI SHIVSHANKER PATEL","house":"Lok Sabha","state":"Uttar Pradesh","constituency":"BANDA"}
{"_id":{"$oid":"6aa507cc37068c6245ecf6ae"},"name":"Krishna Prasad Tenneti","house":"Lok Sabha","state":"Andhra Pradesh","constituency":"BAPATLA"}
{"_id":{"$oid":"6aa507cc37068c6245ecf6af"},"name":"KRITI DEVI DEBBARMAN","house":"Lok Sabha","state":"Tripura","constituency":"TRIPURA EAST"}
{"_id":{"$oid":"6aa507cc37068c6245ecf6b0"},"name":"KULDEEP INDORA","house":"Lok Sabha","state":"Rajasthan","constituency":"GANGANAGAR"}
{"_id":{"$oid":"6aa507cc37068c6245ecf6b1"},"name":"KUNDURU RAGHUVEER","house":"Lok Sabha","state":"Telangana","constituency":"NALGONDA"}
{"_id":{"$oid":"6aa507cc37068c6245ecf6b2"},"name":"LALJI VERMA","house":"Lok Sabha","state":"Uttar Pradesh","constituency":"AMBEDKAR NAGAR"}
{"_id":{"$oid":"6aa507cc37068c6245ecf6b3"},"name":"Lavu Sri Krishna Devarayalu","house":"Lok Sabha","state":"Andhra Pradesh","constituency":"NARASARAOPET"}
{"_id":{"$oid":"6aa507cc37068c6245ecf6b4"},"name":"LAXMIKANT PAPPU NISHAD","house":"Lok Sabha","state":"Uttar Pradesh","constituency":"SANT KABIR NAGAR"}
{"_id":{"$oid":"6aa507cc37068c6245ecf6b5"},"name":"LOVELY ANAND","house":"Lok Sabha","state":"Bihar","constituency":"SHEOHAR"}
{"_id":{"$oid":"6aa507cc37068c6245ecf6b6"},"name":"LUMBARAM","house":"Lok Sabha","state":"Rajasthan","constituency":"JALORE"}
{"_id":{"$oid":"6aa507cc37068c6245ecf6b7"},"name":"M. MALLESH BABU","house":"Lok Sabha","state":"Karnataka","constituency":"KOLAR"}
{"_id":{"$oid":"6aa507cc37068c6245ecf6b8"},"name":"M.K. VISHNUPRASAD","house":"Lok Sabha","state":"Tamil Nadu","constituency":"CUDDALORE"}
{"_id":{"$oid":"6aa507cc37068c6245ecf6b9"},"name":"Maddila Gurumoorthy","house":"Lok Sabha","state":"Andhra Pradesh","constituency":"TIRUPATI"}
{"_id":{"$oid":"6aa507cc37068c6245ecf6ba"},"name":"MADHAVANENI RAGHUNANDAN RAO","house":"Lok Sabha","state":"Telangana","constituency":"MEDAK"}
{"_id":{"$oid":"6aa507cc37068c6245ecf6bb"},"name":"Magunta Sreenivasulu Reddy","house":"Lok Sabha","state":"Andhra Pradesh","constituency":"ONGOLE"}
{"_id":{"$oid":"6aa507cc37068c6245ecf6bc"},"name":"Mahendra Singh Solanky","house":"Lok Sabha","state":"Madhya Pradesh","constituency":"DEWAS"}
{"_id":{"$oid":"6aa507cc37068c6245ecf6bd"},"name":"MAHESH KASHYAP","house":"Lok Sabha","state":"Chhattisgarh","constituency":"BASTAR"}
{"_id":{"$oid":"6aa507cc37068c6245ecf6be"},"name":"Mahesh Sharma","house":"Lok Sabha","state":"Uttar Pradesh","constituency":"GAUTAM BUDDHA NAGAR"}
{"_id":{"$oid":"6aa507cc37068c6245ecf6bf"},"name":"MAHIMA KUMARI MEWAR","house":"Lok Sabha","state":"Rajasthan","constituency":"RAJSAMAND"}
{"_id":{"$oid":"6aa507cc37068c6245ecf6c0"},"name":"Mala Rajya Laxmi Shah ","house":"Lok Sabha","state":"Uttarakhand","constituency":"TEHRI GARHWAL"}
{"_id":{"$oid":"6aa507cc37068c6245ecf6c1"},"name":"Mala Roy ","house":"Lok Sabha","state":"West Bengal","constituency":"KOLKATA DAKSHIN"}
{"_id":{"$oid":"6aa507cc37068c6245ecf6c2"},"name":"MALAIYARASAN D","house":"Lok Sabha","state":"Tamil Nadu","constituency":"KALLAKURICHI"}
{"_id":{"$oid":"6aa507cc37068c6245ecf6c3"},"name":"MALVIKA DEVI","house":"Lok Sabha","state":"Odisha","constituency":"KALAHANDI"}
{"_id":{"$oid":"6aa507cc37068c6245ecf6c4"},"name":"MALVINDER SINGH KANG","house":"Lok Sabha","state":"Punjab","constituency":"ANANDPUR SAHIB"}
{"_id":{"$oid":"6aa507cc37068c6245ecf6c5"},"name":"MANI. A.","house":"Lok Sabha","state":"Tamil Nadu","constituency":"DHARAMAPURI"}
{"_id":{"$oid":"6aa507cc37068c6245ecf6c6"},"name":"Manickam Tagore B","house":"Lok Sabha","state":"Tamil Nadu","constituency":"VIRUDHUNAGAR"}
{"_id":{"$oid":"6aa507cc37068c6245ecf6c7"},"name":"MANISH JAISWAL","house":"Lok Sabha","state":"Jharkhand","constituency":"HAZARIBAGH"}
{"_id":{"$oid":"6aa507cc37068c6245ecf6c8"},"name":"MANISH TEWARI","house":"Lok Sabha","state":"Chandigarh","constituency":"CHANDIGARH"}
{"_id":{"$oid":"6aa507cc37068c6245ecf6c9"},"name":"MANJU SHARMA","house":"Lok Sabha","state":"Rajasthan","constituency":"JAIPUR"}
{"_id":{"$oid":"6aa507cc37068c6245ecf6ca"},"name":"MANNA LAL RAWAT","house":"Lok Sabha","state":"Rajasthan","constituency":"UDAIPUR"}
{"_id":{"$oid":"6aa507cc37068c6245ecf6cb"},"name":"MANOHAR LAL","house":"Lok Sabha","state":"Haryana","constituency":"KARNAL"}
{"_id":{"$oid":"6aa507cc37068c6245ecf6cc"},"name":"MANOJ KUMAR","house":"Lok Sabha","state":"Bihar","constituency":"SASARAM"}
{"_id":{"$oid":"6aa507cc37068c6245ecf6cd"},"name":"MANOJ TIGGA","house":"Lok Sabha","state":"West Bengal","constituency":"ALIPURDUARS"}
{"_id":{"$oid":"6aa507cc37068c6245ecf6ce"},"name":"Manoj Tiwari","house":"Lok Sabha","state":"Delhi","constituency":"NORTH EAST DELHI"}
{"_id":{"$oid":"6aa507cc37068c6245ecf6cf"},"name":"Mansukhbhai Dhanjibhai Vasava","house":"Lok Sabha","state":"Gujarat","constituency":"BHARUCH"}
{"_id":{"$oid":"6aa507cc37068c6245ecf6d0"},"name":"MIAN ALTAF AHMAD","house":"Lok Sabha","state":"Jammu And Kashmir","constituency":"ANANTNAG"}
{"_id":{"$oid":"6aa507cc37068c6245ecf6d1"},"name":"Midhun Reddy","house":"Lok Sabha","state":"Andhra Pradesh","constituency":"RAJAMPET"}
{"_id":{"$oid":"6aa507cc37068c6245ecf6d2"},"name":"MISHA BHARTI","house":"Lok Sabha","state":"Bihar","constituency":"PATALIPUTRA"}
{"_id":{"$oid":"6aa507cc37068c6245ecf6d3"},"name":"Mitesh Rameshbhai Bakabhai Patel","house":"Lok Sabha","state":"Gujarat","constituency":"ANAND"}
{"_id":{"$oid":"6aa507cc37068c6245ecf6d4"},"name":"Mohamed Haneefa","house":"Lok Sabha","state":"Ladakh","constituency":"LADAKH"}
{"_id":{"$oid":"6aa507cc37068c6245ecf6d5"},"name":"MOHIBBULLAH","house":"Lok Sabha","state":"Uttar Pradesh","constituency":"RAMPUR"}
{"_id":{"$oid":"6aa507cc37068c6245ecf6d6"},"name":"MOHITE PATIL DHAIRYASHEEL RAJSINH","house":"Lok Sabha","state":"Maharashtra","constituency":"MADHA"}
{"_id":{"$oid":"6aa507cc37068c6245ecf6d7"},"name":"Mr Gopal Jee Thakur","house":"Lok Sabha","state":"Bihar","constituency":"DARBHANGA"}
{"_id":{"$oid":"6aa507cc37068c6245ecf6d8"},"name":"Ms Mahua Moitra","house":"Lok Sabha","state":"West Bengal","constituency":"KRISHNANAGAR"}
{"_id":{"$oid":"6aa507cc37068c6245ecf6d9"},"name":"MUHAMMED HAMDULLAH SAYEED","house":"Lok Sabha","state":"Lakshadweep","constituency":"LAKSHADWEEP"}
{"_id":{"$oid":"6aa507cc37068c6245ecf6da"},"name":"Mukesh Rajput","house":"Lok Sabha","state":"Uttar Pradesh","constituency":"FARRUKHABAD"}
{"_id":{"$oid":"6aa507cc37068c6245ecf6db"},"name":"MUKESHKUMAR CHANDRAKAANT DALAL","house":"Lok Sabha","state":"Gujarat","constituency":"SURAT"}
{"_id":{"$oid":"6aa507cc37068c6245ecf6dc"},"name":"MURARI LAL MEENA","house":"Lok Sabha","state":"Rajasthan","constituency":"DAUSA"}
{"_id":{"$oid":"6aa507cc37068c6245ecf6dd"},"name":"MURASOLI S","house":"Lok Sabha","state":"Tamil Nadu","constituency":"THANJAVUR"}
{"_id":{"$oid":"6aa507cc37068c6245ecf6de"},"name":"MURLIDHAR MOHOL","house":"Lok Sabha","state":"Maharashtra","constituency":"PUNE"}
{"_id":{"$oid":"6aa507cc37068c6245ecf6df"},"name":"NABA CHARAN MAJHI","house":"Lok Sabha","state":"Odisha","constituency":"MAYURBHANJ"}
{"_id":{"$oid":"6aa507cc37068c6245ecf6e0"},"name":"NALIN SOREN","house":"Lok Sabha","state":"Jharkhand","constituency":"DUMKA"}
{"_id":{"$oid":"6aa507cc37068c6245ecf6e1"},"name":"NARAYAN DAS AHIRWAR","house":"Lok Sabha","state":"Uttar Pradesh","constituency":"JALAUN"}
{"_id":{"$oid":"6aa507cc37068c6245ecf6e2"},"name":"NARAYAN TATU RANE","house":"Lok Sabha","state":"Maharashtra","constituency":"RATNAGIRI-SINDHUDURG"}
{"_id":{"$oid":"6aa507cc37068c6245ecf6e3"},"name":"NARESH CHANDRA UTTAM PATEL","house":"Lok Sabha","state":"Uttar Pradesh","constituency":"FATEHPUR"}
{"_id":{"$oid":"6aa507cc37068c6245ecf6e4"},"name":"NARESH GANPAT MHASKE","house":"Lok Sabha","state":"Maharashtra","constituency":"THANE"}
{"_id":{"$oid":"6aa507cc37068c6245ecf6e5"},"name":"NAVEEN JINDAL","house":"Lok Sabha","state":"Haryana","constituency":"KURUKSHETRA"}
{"_id":{"$oid":"6aa507cc37068c6245ecf6e6"},"name":"NEERAJ MAURYA","house":"Lok Sabha","state":"Uttar Pradesh","constituency":"AONLA"}
{"_id":{"$oid":"6aa507cc37068c6245ecf6e7"},"name":"NILESH DNYANDEV LANKE","house":"Lok Sabha","state":"Maharashtra","constituency":"AHMEDNAGAR"}
{"_id":{"$oid":"6aa507cc37068c6245ecf6e8"},"name":"NIMUBEN JAYANTIBHAI BAMBHANIYA","house":"Lok Sabha","state":"Gujarat","constituency":"BHAVNAGAR"}
{"_id":{"$oid":"6aa507cc37068c6245ecf6e9"},"name":"Nishikant Dubey","house":"Lok Sabha","state":"Jharkhand","constituency":"GODDA"}
{"_id":{"$oid":"6aa507cc37068c6245ecf6ea"},"name":"Nitin Jairam Gadkari","house":"Lok Sabha","state":"Maharashtra","constituency":"NAGPUR"}
{"_id":{"$oid":"6aa507cc37068c6245ecf6eb"},"name":"Nityanand Rai","house":"Lok Sabha","state":"Bihar","constituency":"UJJARPUR"}
{"_id":{"$oid":"6aa507cc37068c6245ecf6ec"},"name":"Om Birla","house":"Lok Sabha","state":"Rajasthan","constituency":"KOTA"}
{"_id":{"$oid":"6aa507cc37068c6245ecf6ed"},"name":"Omprakash Bhupalsinh Alias Pawan Rajenimbalkar","house":"Lok Sabha","state":"Maharashtra","constituency":"OSMANABAD"}
{"_id":{"$oid":"6aa507cc37068c6245ecf6ee"},"name":"P C Mohan","house":"Lok Sabha","state":"Karnataka","constituency":"BANGALORE CENTRAL"}
{"_id":{"$oid":"6aa507cc37068c6245ecf6ef"},"name":"Pankaj Chowdhary","house":"Lok Sabha","state":"Uttar Pradesh","constituency":"MAHARAJGANJ"}
{"_id":{"$oid":"6aa507cc37068c6245ecf6f0"},"name":"PARIMAL SUKLABAIDYA","house":"Lok Sabha","state":"Assam","constituency":"SILCHAR"}
{"_id":{"$oid":"6aa507cc37068c6245ecf6f1"},"name":"PARSHOTTAMBHAI RUPALA","house":"Lok Sabha","state":"Gujarat","constituency":"RAJKOT"}
{"_id":{"$oid":"6aa507cc37068c6245ecf6f2"},"name":"PARTHA BHOWMICK","house":"Lok Sabha","state":"West Bengal","constituency":"BARRACKPUR"}
{"_id":{"$oid":"6aa507cc37068c6245ecf6f3"},"name":"Parvatagouda Chandanagouda Gaddigoudar","house":"Lok Sabha","state":"Karnataka","constituency":"BAGALKOT"}
{"_id":{"$oid":"6aa507cc37068c6245ecf6f4"},"name":"PATEL UMESHBHAI BABUBHAI","house":"Lok Sabha","state":"The Dadra And Nagar Haveli And Daman And Diu","constituency":"DAMAN and DIU"}
{"_id":{"$oid":"6aa507cc37068c6245ecf6f5"},"name":"PATHAN YUSUF","house":"Lok Sabha","state":"West Bengal","constituency":"BAHARAMPUR"}
{"_id":{"$oid":"6aa507cc37068c6245ecf6f6"},"name":"PHANI BHUSAN CHOUDHURY","house":"Lok Sabha","state":"Assam","constituency":"BARPETA"}
{"_id":{"$oid":"6aa507cc37068c6245ecf6f7"},"name":"Piyush Vedprakash Goyal","house":"Lok Sabha","state":"Maharashtra","constituency":"MUMBAI NORTH"}
{"_id":{"$oid":"6aa507cc37068c6245ecf6f8"},"name":"PRABHAKAR REDDY VEMIREDDY","house":"Lok Sabha","state":"Andhra Pradesh","constituency":"NELLORE"}
{"_id":{"$oid":"6aa507cc37068c6245ecf6f9"},"name":"Prabhubhai Nagarbhai Vasava","house":"Lok Sabha","state":"Gujarat","constituency":"BARDOLI"}
{"_id":{"$oid":"6aa507cc37068c6245ecf6fa"},"name":"Pradan Baruah","house":"Lok Sabha","state":"Assam","constituency":"LAKHIMPUR"}
{"_id":{"$oid":"6aa507cc37068c6245ecf6fb"},"name":"Pradeep Kumar Singh","house":"Lok Sabha","state":"Bihar","constituency":"ARARIA"}
{"_id":{"$oid":"6aa507cc37068c6245ecf6fc"},"name":"PRADEEP PUROHIT","house":"Lok Sabha","state":"Odisha","constituency":"BARGARH"}
{"_id":{"$oid":"6aa507cc37068c6245ecf6fd"},"name":"Pradyut Bordoloi","house":"Lok Sabha","state":"Assam","constituency":"NOWGONG"}
{"_id":{"$oid":"6aa507cc37068c6245ecf6fe"},"name":"Pralhad Venkatesh Joshi","house":"Lok Sabha","state":"Karnataka","constituency":"DHARWAD"}
{"_id":{"$oid":"6aa507cc37068c6245ecf6ff"},"name":"PRANITI SUSHILKUMAR SHINDE","house":"Lok Sabha","state":"Maharashtra","constituency":"SOLAPUR"}
{"_id":{"$oid":"6aa507cc37068c6245ecf700"},"name":"Prasun Banerjee","house":"Lok Sabha","state":"West Bengal","constituency":"HOWRAH"}
{"_id":{"$oid":"6aa507cc37068c6245ecf701"},"name":"Pratap Chandra Sarangi","house":"Lok Sabha","state":"Odisha","constituency":"BALASORE"}
{"_id":{"$oid":"6aa507cc37068c6245ecf702"},"name":"Prataprao Jadhav","house":"Lok Sabha","state":"Maharashtra","constituency":"BULDHANA"}
{"_id":{"$oid":"6aa507cc37068c6245ecf703"},"name":"Pratima Mondal ","house":"Lok Sabha","state":"West Bengal","constituency":"JOYNAGAR"}
{"_id":{"$oid":"6aa507cc37068c6245ecf704"},"name":"Praveen Khandelwal","house":"Lok Sabha","state":"Delhi","constituency":"CHANDINI CHOWK"}
{"_id":{"$oid":"6aa507cc37068c6245ecf705"},"name":"PRAVEEN PATEL","house":"Lok Sabha","state":"Uttar Pradesh","constituency":"PHULPUR"}
{"_id":{"$oid":"6aa507cc37068c6245ecf706"},"name":"PRIYA SAROJ","house":"Lok Sabha","state":"Uttar Pradesh","constituency":"MACHHLISHAHR"}
{"_id":{"$oid":"6aa507cc37068c6245ecf707"},"name":"Priyanka Gandhi Vadra","house":"Lok Sabha","state":"Kerala","constituency":"WAYANAD"}
{"_id":{"$oid":"6aa507cc37068c6245ecf708"},"name":"PRIYANKA SATISH JARKIHOLI","house":"Lok Sabha","state":"Karnataka","constituency":"CHIKKODI"}
{"_id":{"$oid":"6aa507cc37068c6245ecf709"},"name":"Prof Sougata Ray","house":"Lok Sabha","state":"West Bengal","constituency":"DUM DUM"}
{"_id":{"$oid":"6aa507cc37068c6245ecf70a"},"name":"Prof SP Singh Baghel","house":"Lok Sabha","state":"Uttar Pradesh","constituency":"AGRA"}
{"_id":{"$oid":"6aa507cc37068c6245ecf70b"},"name":"PUSHPENDRA SAROJ","house":"Lok Sabha","state":"Uttar Pradesh","constituency":"KAUSHAMBI"}
{"_id":{"$oid":"6aa507cc37068c6245ecf70c"},"name":"Putta Mahesh Kumar","house":"Lok Sabha","state":"Andhra Pradesh","constituency":"ELURU"}
{"_id":{"$oid":"6aa507cc37068c6245ecf70d"},"name":"R.K. CHAUDHARY","house":"Lok Sabha","state":"Uttar Pradesh","constituency":"MOHANLALGANJ"}
{"_id":{"$oid":"6aa507cc37068c6245ecf70e"},"name":"RABINDRA NARAYAN BEHERA","house":"Lok Sabha","state":"Odisha","constituency":"JAJPUR"}
{"_id":{"$oid":"6aa507cc37068c6245ecf70f"},"name":"RACHNA BANERJEE","house":"Lok Sabha","state":"West Bengal","constituency":"HOOGHLY"}
{"_id":{"$oid":"6aa507cc37068c6245ecf710"},"name":"Radha Mohan Singh","house":"Lok Sabha","state":"Bihar","constituency":"PURVI CHAMPARAN"}
{"_id":{"$oid":"6aa507cc37068c6245ecf711"},"name":"RADHAKRISHNA","house":"Lok Sabha","state":"Karnataka","constituency":"GULBARGA"}
{"_id":{"$oid":"6aa507cc37068c6245ecf712"},"name":"RADHE SHYAM RATHIYA","house":"Lok Sabha","state":"Chhattisgarh","constituency":"RAIGARH"}
{"_id":{"$oid":"6aa507cc37068c6245ecf713"},"name":"RAHUL GANDHI","house":"Lok Sabha","state":"Uttar Pradesh","constituency":"RAE BARELI"}
{"_id":{"$oid":"6aa507cc37068c6245ecf714"},"name":"Rahul Kaswan","house":"Lok Sabha","state":"Rajasthan","constituency":"CHURU"}
{"_id":{"$oid":"6aa507cc37068c6245ecf715"},"name":"RAHUL SINGH LODHI","house":"Lok Sabha","state":"Madhya Pradesh","constituency":"DAMOH"}
{"_id":{"$oid":"6aa507cc37068c6245ecf716"},"name":"RAJ BHUSHAN CHOUDHARY","house":"Lok Sabha","state":"Bihar","constituency":"MUZAFFARPUR"}
{"_id":{"$oid":"6aa507cc37068c6245ecf717"},"name":"RAJ KUMAR ROAT","house":"Lok Sabha","state":"Rajasthan","constituency":"BANSWARA"}
{"_id":{"$oid":"6aa507cc37068c6245ecf718"},"name":"RAJA RAM SINGH","house":"Lok Sabha","state":"Bihar","constituency":"KARAKAT"}
{"_id":{"$oid":"6aa507cc37068c6245ecf719"},"name":"RAJABHAU","house":"Lok Sabha","state":"Maharashtra","constituency":"NASHIK"}
{"_id":{"$oid":"6aa507cc37068c6245ecf71a"},"name":"RAJEEV BHARDWAJ","house":"Lok Sabha","state":"Himachal Pradesh","constituency":"KANGRA"}
{"_id":{"$oid":"6aa507cc37068c6245ecf71b"},"name":"RAJEEV RAI","house":"Lok Sabha","state":"Uttar Pradesh","constituency":"GHOSI"}
{"_id":{"$oid":"6aa507cc37068c6245ecf71c"},"name":"RAJESH RANJAN ALIAS PAPPU YADAV","house":"Lok Sabha","state":"Bihar","constituency":"PURNEA"}
{"_id":{"$oid":"6aa507cc37068c6245ecf71d"},"name":"RAJESH VERMA","house":"Lok Sabha","state":"Bihar","constituency":"KHAGARIA"}
{"_id":{"$oid":"6aa507cc37068c6245ecf71e"},"name":"Rajeshbhai Naranbhai Chudasama","house":"Lok Sabha","state":"Gujarat","constituency":"JUNAGADH"}
{"_id":{"$oid":"6aa507cc37068c6245ecf71f"},"name":"Rajiv Pratap Rudy","house":"Lok Sabha","state":"Bihar","constituency":"SARAN"}
{"_id":{"$oid":"6aa507cc37068c6245ecf720"},"name":"Rajiv Ranjan (Lalan) Singh","house":"Lok Sabha","state":"Bihar","constituency":"MUNGER"}
{"_id":{"$oid":"6aa507cc37068c6245ecf721"},"name":"Rajkumar Chahar ","house":"Lok Sabha","state":"Uttar Pradesh","constituency":"FATEHPUR SIKRI"}
{"_id":{"$oid":"6aa507cc37068c6245ecf722"},"name":"Rajnath Singh","house":"Lok Sabha","state":"Uttar Pradesh","constituency":"LUCKNOW"}
{"_id":{"$oid":"6aa507cc37068c6245ecf723"},"name":"RAJPALSINH MAHENDRASINH JADAV","house":"Lok Sabha","state":"Gujarat","constituency":"PANCHMAHAL"}
{"_id":{"$oid":"6aa507cc37068c6245ecf724"},"name":"Raju Bista","house":"Lok Sabha","state":"West Bengal","constituency":"DARJEELING"}
{"_id":{"$oid":"6aa507cc37068c6245ecf725"},"name":"RAKESH RATHOR","house":"Lok Sabha","state":"Uttar Pradesh","constituency":"SITAPUR"}
{"_id":{"$oid":"6aa507cc37068c6245ecf726"},"name":"RAKIBUL HUSSAIN","house":"Lok Sabha","state":"Assam","constituency":"DHUBRI"}
{"_id":{"$oid":"6aa507cc37068c6245ecf727"},"name":"RAM PRASAD CHAUDHARY","house":"Lok Sabha","state":"Uttar Pradesh","constituency":"BASTI"}
{"_id":{"$oid":"6aa507cc37068c6245ecf728"},"name":"Ram Shiromani","house":"Lok Sabha","state":"Uttar Pradesh","constituency":"SHRAWASTI"}
{"_id":{"$oid":"6aa507cc37068c6245ecf729"},"name":"RAMASAHAYAM RAGHURAM REDDY","house":"Lok Sabha","state":"Telangana","constituency":"KHAMMAM"}
{"_id":{"$oid":"6aa507cc37068c6245ecf72a"},"name":"RAMASHANKAR RAJBHAR","house":"Lok Sabha","state":"Uttar Pradesh","constituency":"SALEMPUR"}
{"_id":{"$oid":"6aa507cc37068c6245ecf72b"},"name":"RAMBHUAL NISHAD","house":"Lok Sabha","state":"Uttar Pradesh","constituency":"SULTANPUR"}
{"_id":{"$oid":"6aa507cc37068c6245ecf72c"},"name":"RAMESH AWASTHI","house":"Lok Sabha","state":"Uttar Pradesh","constituency":"KANPUR"}
{"_id":{"$oid":"6aa507cc37068c6245ecf72d"},"name":"Ramesh Chandappa Jigajinagi","house":"Lok Sabha","state":"Karnataka","constituency":"BIJAPUR"}
{"_id":{"$oid":"6aa507cc37068c6245ecf72e"},"name":"Ramprit Mandal","house":"Lok Sabha","state":"Bihar","constituency":"JHANJHARPUR"}
{"_id":{"$oid":"6aa507cc37068c6245ecf72f"},"name":"Ramvir Singh Bidhuri","house":"Lok Sabha","state":"Delhi","constituency":"SOUTH DELHI"}
{"_id":{"$oid":"6aa507cc37068c6245ecf730"},"name":"RANJIT DUTTA","house":"Lok Sabha","state":"Assam","constituency":"Sonitpur"}
{"_id":{"$oid":"6aa507cc37068c6245ecf731"},"name":"Rao Inderjit Singh","house":"Lok Sabha","state":"Haryana","constituency":"GURGAON"}
{"_id":{"$oid":"6aa507cc37068c6245ecf732"},"name":"Rao Rajendra Singh","house":"Lok Sabha","state":"Rajasthan","constituency":"JAIPUR RURAL"}
{"_id":{"$oid":"6aa507cc37068c6245ecf733"},"name":"Ravi Shankar Prasad","house":"Lok Sabha","state":"Bihar","constituency":"PATNA SAHIB"}
{"_id":{"$oid":"6aa507cc37068c6245ecf734"},"name":"RAVINDRA DATTARAM WAIKAR","house":"Lok Sabha","state":"Maharashtra","constituency":"MUMBAI NORTH WEST"}
{"_id":{"$oid":"6aa507cc37068c6245ecf735"},"name":"Ravindra Shyamnarayan Alias Ravi Kishan Shukla","house":"Lok Sabha","state":"Uttar Pradesh","constituency":"GORAKHPUR"}
{"_id":{"$oid":"6aa507cc37068c6245ecf736"},"name":"Ravindra Vasantrao Chavan","house":"Lok Sabha","state":"Maharashtra","constituency":"NANDED"}
{"_id":{"$oid":"6aa507cc37068c6245ecf737"},"name":"RICHARD VANLALHMANGAIHA","house":"Lok Sabha","state":"Mizoram","constituency":"MIZORAM"}
{"_id":{"$oid":"6aa507cc37068c6245ecf738"},"name":"ROBERT BRUCE C","house":"Lok Sabha","state":"Tamil Nadu","constituency":"TIRUNELVELI"}
{"_id":{"$oid":"6aa507cc37068c6245ecf739"},"name":"Rodmal Nagar ","house":"Lok Sabha","state":"Madhya Pradesh","constituency":"RAJGARH"}
{"_id":{"$oid":"6aa507cc37068c6245ecf73a"},"name":"ROOP KUMARI CHOUDHARY","house":"Lok Sabha","state":"Chhattisgarh","constituency":"MAHASAMUND"}
{"_id":{"$oid":"6aa507cc37068c6245ecf73b"},"name":"RUCHI VIRA","house":"Lok Sabha","state":"Uttar Pradesh","constituency":"MORADABAD"}
{"_id":{"$oid":"6aa507cc37068c6245ecf73c"},"name":"RUDRA NARAYAN PANY","house":"Lok Sabha","state":"Odisha","constituency":"DHENKANAL"}
{"_id":{"$oid":"6aa507cc37068c6245ecf73d"},"name":"S SUPONGMEREN JAMIR","house":"Lok Sabha","state":"Nagaland","constituency":"NAGALAND"}
{"_id":{"$oid":"6aa507cc37068c6245ecf73e"},"name":"S Venkatesan","house":"Lok Sabha","state":"Tamil Nadu","constituency":"MADURAI"}
{"_id":{"$oid":"6aa507cc37068c6245ecf73f"},"name":"S. Jagathrakshakan","house":"Lok Sabha","state":"Tamil Nadu","constituency":"ARAKKONAM"}
{"_id":{"$oid":"6aa507cc37068c6245ecf740"},"name":"SACHITHANANTHAM R","house":"Lok Sabha","state":"Tamil Nadu","constituency":"DINDIGUL"}
{"_id":{"$oid":"6aa507cc37068c6245ecf741"},"name":"SAGAR ESHWAR KHANDRE","house":"Lok Sabha","state":"Karnataka","constituency":"BIDAR"}
{"_id":{"$oid":"6aa507cc37068c6245ecf742"},"name":"SALENG A SANGMA","house":"Lok Sabha","state":"Meghalaya","constituency":"TURA"}
{"_id":{"$oid":"6aa507cc37068c6245ecf743"},"name":"SAMBIT PATRA","house":"Lok Sabha","state":"Odisha","constituency":"PURI"}
{"_id":{"$oid":"6aa507cc37068c6245ecf744"},"name":"SANATAN PANDEY","house":"Lok Sabha","state":"Uttar Pradesh","constituency":"BALLIA"}
{"_id":{"$oid":"6aa507cc37068c6245ecf745"},"name":"SANJAY DINA PATIL","house":"Lok Sabha","state":"Maharashtra","constituency":"MUMBAI NORTH EAST"}
{"_id":{"$oid":"6aa507cc37068c6245ecf746"},"name":"Sanjay Haribhau Jadhav","house":"Lok Sabha","state":"Maharashtra","constituency":"PARBHANI"}
{"_id":{"$oid":"6aa507cc37068c6245ecf747"},"name":"Sanjay Jaiswal","house":"Lok Sabha","state":"Bihar","constituency":"PASCHIM CHAMPARAN"}
{"_id":{"$oid":"6aa507cc37068c6245ecf748"},"name":"Sanjay Kumar Bandi","house":"Lok Sabha","state":"Telangana","constituency":"KARIMNAGAR"}
{"_id":{"$oid":"6aa507cc37068c6245ecf749"},"name":"Sanjay Seth ","house":"Lok Sabha","state":"Jharkhand","constituency":"RANCHI"}
{"_id":{"$oid":"6aa507cc37068c6245ecf74a"},"name":"Sanjay Uttamrao Deshmukh","house":"Lok Sabha","state":"Maharashtra","constituency":"YAVATMAL-WASHIM"}
{"_id":{"$oid":"6aa507cc37068c6245ecf74b"},"name":"SANJNA JATAV","house":"Lok Sabha","state":"Rajasthan","constituency":"BHARATPUR"}
{"_id":{"$oid":"6aa507cc37068c6245ecf74c"},"name":"Santosh Pandey","house":"Lok Sabha","state":"Chhattisgarh","constituency":"RAJNANDGAON"}
{"_id":{"$oid":"6aa507cc37068c6245ecf74d"},"name":"Saptagiri Sankar Ulaka","house":"Lok Sabha","state":"Odisha","constituency":"KORAPUT"}
{"_id":{"$oid":"6aa507cc37068c6245ecf74e"},"name":"SARABJEET SINGH KHALSA","house":"Lok Sabha","state":"Punjab","constituency":"FARIDKOT"}
{"_id":{"$oid":"6aa507cc37068c6245ecf74f"},"name":"Sasikanth Senthil","house":"Lok Sabha","state":"Tamil Nadu","constituency":"TIRUVALLUR"}
{"_id":{"$oid":"6aa507cc37068c6245ecf750"},"name":"SATPAL BRAHAMCHARI","house":"Lok Sabha","state":"Haryana","constituency":"SONEPAT"}
{"_id":{"$oid":"6aa507cc37068c6245ecf751"},"name":"Saumitra khan ","house":"Lok Sabha","state":"West Bengal","constituency":"BISHNUPUR"}
{"_id":{"$oid":"6aa507cc37068c6245ecf752"},"name":"SAVITRI THAKUR","house":"Lok Sabha","state":"Madhya Pradesh","constituency":"DHAR"}
{"_id":{"$oid":"6aa507cc37068c6245ecf753"},"name":"SAYANI GHOSH","house":"Lok Sabha","state":"West Bengal","constituency":"JADAVPUR"}
{"_id":{"$oid":"6aa507cc37068c6245ecf754"},"name":"SELJA","house":"Lok Sabha","state":"Haryana","constituency":"SIRSA"}
{"_id":{"$oid":"6aa507cc37068c6245ecf755"},"name":"SELVAGANAPATHI T M","house":"Lok Sabha","state":"Tamil Nadu","constituency":"SALEM"}
{"_id":{"$oid":"6aa507cc37068c6245ecf756"},"name":"SELVARAJ V","house":"Lok Sabha","state":"Tamil Nadu","constituency":"NAGAPATTINAM"}
{"_id":{"$oid":"6aa507cc37068c6245ecf757"},"name":"SHAFI PARAMBIL","house":"Lok Sabha","state":"Kerala","constituency":"VADAKARA"}
{"_id":{"$oid":"6aa507cc37068c6245ecf758"},"name":"SHAMBHAVI","house":"Lok Sabha","state":"Bihar","constituency":"SAMASTIPUR"}
{"_id":{"$oid":"6aa507cc37068c6245ecf759"},"name":"Shankar Lalwani","house":"Lok Sabha","state":"Madhya Pradesh","constituency":"INDORE"}
{"_id":{"$oid":"6aa507cc37068c6245ecf75a"},"name":"SHASHANK MANI","house":"Lok Sabha","state":"Uttar Pradesh","constituency":"DEORIA"}
{"_id":{"$oid":"6aa507cc37068c6245ecf75b"},"name":"Shatrughan Sinha","house":"Lok Sabha","state":"West Bengal","constituency":"ASANSOL"}
{"_id":{"$oid":"6aa507cc37068c6245ecf75c"},"name":"SHER SINGH GHUBAYA","house":"Lok Sabha","state":"Punjab","constituency":"FIROZPUR"}
{"_id":{"$oid":"6aa507cc37068c6245ecf75d"},"name":"SHIVMANGAL SINGH TOMAR","house":"Lok Sabha","state":"Madhya Pradesh","constituency":"MORENA"}
{"_id":{"$oid":"6aa507cc37068c6245ecf75e"},"name":"SHIVRAJ SINGH CHOUHAN","house":"Lok Sabha","state":"Madhya Pradesh","constituency":"VIDISHA"}
{"_id":{"$oid":"6aa507cc37068c6245ecf75f"},"name":"SHOBHA KARANDLAJE","house":"Lok Sabha","state":"Karnataka","constituency":"BANGALORE NORTH"}
{"_id":{"$oid":"6aa507cc37068c6245ecf760"},"name":"SHOBHANABEN MAHENDRASINH BARAIYA","house":"Lok Sabha","state":"Gujarat","constituency":"SABARKANTHA"}
{"_id":{"$oid":"6aa507cc37068c6245ecf761"},"name":"SHREYAS. M. PATEL","house":"Lok Sabha","state":"Karnataka","constituency":"HASSAN"}
{"_id":{"$oid":"6aa507cc37068c6245ecf762"},"name":"Shri  Dharambir Singh","house":"Lok Sabha","state":"Haryana","constituency":"BHIWANI MAHENDRAGARH"}
{"_id":{"$oid":"6aa507cc37068c6245ecf763"},"name":"Shri Abhishek Banerjee","house":"Lok Sabha","state":"West Bengal","constituency":"DIAMOND HARBOUR"}
{"_id":{"$oid":"6aa507cc37068c6245ecf764"},"name":"Shri Amar Singh","house":"Lok Sabha","state":"Punjab","constituency":"FATEHGARH SAHIB"}
{"_id":{"$oid":"6aa507cc37068c6245ecf765"},"name":"Shri Amit Shah","house":"Lok Sabha","state":"Gujarat","constituency":"GANDHINAGAR"}
{"_id":{"$oid":"6aa507cc37068c6245ecf766"},"name":"Shri Anil Firojiya","house":"Lok Sabha","state":"Madhya Pradesh","constituency":"UJJAIN"}
{"_id":{"$oid":"6aa507cc37068c6245ecf767"},"name":"Shri Arjun Ram Meghwal","house":"Lok Sabha","state":"Rajasthan","constituency":"BIKANER"}
{"_id":{"$oid":"6aa507cc37068c6245ecf768"},"name":"Shri Arun Kumar Sagar ","house":"Lok Sabha","state":"Uttar Pradesh","constituency":"SHAHJAHANPUR"}
{"_id":{"$oid":"6aa507cc37068c6245ecf769"},"name":"Shri B Y Raghavendra ","house":"Lok Sabha","state":"Karnataka","constituency":"SHIMOGA"}
{"_id":{"$oid":"6aa507cc37068c6245ecf76a"},"name":"Shri Benny Behanan","house":"Lok Sabha","state":"Kerala","constituency":"CHALAKUDY"}
{"_id":{"$oid":"6aa507cc37068c6245ecf76b"},"name":"Shri Bhartruhari Mahtab","house":"Lok Sabha","state":"Odisha","constituency":"CUTTACK"}
{"_id":{"$oid":"6aa507cc37068c6245ecf76c"},"name":"Shri Chandra Prakash Choudhary","house":"Lok Sabha","state":"Jharkhand","constituency":"GIRIDIH"}
{"_id":{"$oid":"6aa507cc37068c6245ecf76d"},"name":"Shri Deepak (Dev) Adhikari ","house":"Lok Sabha","state":"West Bengal","constituency":"GHATAL"}
{"_id":{"$oid":"6aa507cc37068c6245ecf76e"},"name":"Shri Gurjeet Singh Aujla","house":"Lok Sabha","state":"Punjab","constituency":"AMRITSAR"}
{"_id":{"$oid":"6aa507cc37068c6245ecf76f"},"name":"Shri Hanuman Beniwal","house":"Lok Sabha","state":"Rajasthan","constituency":"NAGAUR"}
{"_id":{"$oid":"6aa507cc37068c6245ecf770"},"name":"Shri Hibi Eden","house":"Lok Sabha","state":"Kerala","constituency":"ERNAKULAM"}
{"_id":{"$oid":"6aa507cc37068c6245ecf771"},"name":"Shri Janardan Singh Sigriwal ","house":"Lok Sabha","state":"Bihar","constituency":"MAHARAJGANJ"}
{"_id":{"$oid":"6aa507cc37068c6245ecf772"},"name":"Shri Jual Oram","house":"Lok Sabha","state":"Odisha","constituency":"SUNDARGARH"}
{"_id":{"$oid":"6aa507cc37068c6245ecf773"},"name":"Shri Jugal Kishore Sharma","house":"Lok Sabha","state":"Jammu And Kashmir","constituency":"JAMMU"}
{"_id":{"$oid":"6aa507cc37068c6245ecf774"},"name":"Shri Jyotirmay Singh Mahato ","house":"Lok Sabha","state":"West Bengal","constituency":"PURULIA"}
{"_id":{"$oid":"6aa507cc37068c6245ecf775"},"name":"Shri Karti P Chidambaram ","house":"Lok Sabha","state":"Tamil Nadu","constituency":"SIVAGANGA"}
{"_id":{"$oid":"6aa507cc37068c6245ecf776"},"name":"Shri Kumbakudi Sudhakaran","house":"Lok Sabha","state":"Kerala","constituency":"KANNUR"}
{"_id":{"$oid":"6aa507cc37068c6245ecf777"},"name":"Shri LS Tejasvi Surya ","house":"Lok Sabha","state":"Karnataka","constituency":"BANGALORE SOUTH"}
{"_id":{"$oid":"6aa507cc37068c6245ecf778"},"name":"Shri M K Raghavan","house":"Lok Sabha","state":"Kerala","constituency":"KOZHIKODE"}
{"_id":{"$oid":"6aa507cc37068c6245ecf779"},"name":"Shri Narendra Modi","house":"Lok Sabha","state":"Uttar Pradesh","constituency":"VARANASI"}
{"_id":{"$oid":"6aa507cc37068c6245ecf77a"},"name":"Shri NK Premachandran","house":"Lok Sabha","state":"Kerala","constituency":"KOLLAM"}
{"_id":{"$oid":"6aa507cc37068c6245ecf77b"},"name":"Shri PP Chaudhary","house":"Lok Sabha","state":"Rajasthan","constituency":"PALI"}
{"_id":{"$oid":"6aa507cc37068c6245ecf77c"},"name":"Shri Rajmohan Unnithan ","house":"Lok Sabha","state":"Kerala","constituency":"KASARAGOD"}
{"_id":{"$oid":"6aa507cc37068c6245ecf77d"},"name":"Shri Sarbananda Sonowal (18LS)","house":"Lok Sabha","state":"Assam","constituency":"DIBRUGARH"}
{"_id":{"$oid":"6aa507cc37068c6245ecf77e"},"name":"Shri Satish Kumar Gautam ","house":"Lok Sabha","state":"Uttar Pradesh","constituency":"ALIGARH"}
{"_id":{"$oid":"6aa507cc37068c6245ecf77f"},"name":"Shri Shantanu Thakur ","house":"Lok Sabha","state":"West Bengal","constituency":"BANGAON"}
{"_id":{"$oid":"6aa507cc37068c6245ecf780"},"name":"Shri Sudheer Gupta ","house":"Lok Sabha","state":"Madhya Pradesh","constituency":"MANDSOUR"}
{"_id":{"$oid":"6aa507cc37068c6245ecf781"},"name":"Shri Suresh Kodikunnil","house":"Lok Sabha","state":"Kerala","constituency":"MAVELIKKARA"}
{"_id":{"$oid":"6aa507cc37068c6245ecf782"},"name":"Shri Tapir Gao","house":"Lok Sabha","state":"Arunachal Pradesh","constituency":"ARUNACHAL EAST"}
{"_id":{"$oid":"6aa507cc37068c6245ecf783"},"name":"Shri vijayakumar Vasanth","house":"Lok Sabha","state":"Tamil Nadu","constituency":"KANNIYAKUMARI"}
{"_id":{"$oid":"6aa507cc37068c6245ecf784"},"name":"Shrikant Eknath Shinde","house":"Lok Sabha","state":"Maharashtra","constituency":"KALYAN"}
{"_id":{"$oid":"6aa507cc37068c6245ecf785"},"name":"SHRIMANT CHH UDAYANRAJE PRATAPSINHAMAHARAJ BHONSLE","house":"Lok Sabha","state":"Maharashtra","constituency":"SATARA"}
{"_id":{"$oid":"6aa507cc37068c6245ecf786"},"name":"Shripad Yesso Naik","house":"Lok Sabha","state":"Goa","constituency":"NORTH GOA"}
{"_id":{"$oid":"6aa507cc37068c6245ecf787"},"name":"Shrirang Appa Barne","house":"Lok Sabha","state":"Maharashtra","constituency":"MAVAL"}
{"_id":{"$oid":"6aa507cc37068c6245ecf788"},"name":"Shyamkumar","house":"Lok Sabha","state":"Maharashtra","constituency":"RAMTEK"}
{"_id":{"$oid":"6aa507cc37068c6245ecf789"},"name":"Sivanath Kesineni","house":"Lok Sabha","state":"Andhra Pradesh","constituency":"VIJAYAWADA"}
{"_id":{"$oid":"6aa507cc37068c6245ecf78a"},"name":"SK NURUL ISLAM","house":"Lok Sabha","state":"West Bengal","constituency":"BASIRHAT"}
{"_id":{"$oid":"6aa507cc37068c6245ecf78b"},"name":"SMITA UDAY WAGH","house":"Lok Sabha","state":"Maharashtra","constituency":"JALGAON"}
{"_id":{"$oid":"6aa507cc37068c6245ecf78c"},"name":"Smt Anupriya Patel","house":"Lok Sabha","state":"Uttar Pradesh","constituency":"MIRZAPUR"}
{"_id":{"$oid":"6aa507cc37068c6245ecf78d"},"name":"Smt Aparajita Sarangi","house":"Lok Sabha","state":"Odisha","constituency":"BHUBANESWAR"}
{"_id":{"$oid":"6aa507cc37068c6245ecf78e"},"name":"Smt Dimple Yadav","house":"Lok Sabha","state":"Uttar Pradesh","constituency":"MAINPURI"}
{"_id":{"$oid":"6aa507cc37068c6245ecf78f"},"name":"Smt Harsimrat Kaur Badal","house":"Lok Sabha","state":"Punjab","constituency":"BHATINDA"}
{"_id":{"$oid":"6aa507cc37068c6245ecf790"},"name":"Smt Hema Malini","house":"Lok Sabha","state":"Uttar Pradesh","constituency":"MATHURA"}
{"_id":{"$oid":"6aa507cc37068c6245ecf791"},"name":"Smt Himadri Singh","house":"Lok Sabha","state":"Madhya Pradesh","constituency":"SHAHDOL"}
{"_id":{"$oid":"6aa507cc37068c6245ecf792"},"name":"Smt Poonamben Hematbhai Maadam","house":"Lok Sabha","state":"Gujarat","constituency":"JAMNAGAR"}
{"_id":{"$oid":"6aa507cc37068c6245ecf793"},"name":"Smt Raksha Nikhil Khadse","house":"Lok Sabha","state":"Maharashtra","constituency":"RAVER"}
{"_id":{"$oid":"6aa507cc37068c6245ecf794"},"name":"Smt S Jothimani","house":"Lok Sabha","state":"Tamil Nadu","constituency":"KARUR"}
{"_id":{"$oid":"6aa507cc37068c6245ecf795"},"name":"Smt Sajda Ahmed","house":"Lok Sabha","state":"West Bengal","constituency":"ULUBERIA"}
{"_id":{"$oid":"6aa507cc37068c6245ecf796"},"name":"Smt Sandhya Ray","house":"Lok Sabha","state":"Madhya Pradesh","constituency":"BHIND"}
{"_id":{"$oid":"6aa507cc37068c6245ecf797"},"name":"Smt Sangeeta Kumari Singh Deo","house":"Lok Sabha","state":"Odisha","constituency":"BOLANGIR"}
{"_id":{"$oid":"6aa507cc37068c6245ecf798"},"name":"Smt Satabdi Roy (Banerjee)","house":"Lok Sabha","state":"West Bengal","constituency":"BIRBHUM"}
{"_id":{"$oid":"6aa507cc37068c6245ecf799"},"name":"Smt Supriya Sadanand Sule","house":"Lok Sabha","state":"Maharashtra","constituency":"BARAMATI"}
{"_id":{"$oid":"6aa507cc37068c6245ecf79a"},"name":"Smt Veena Devi ","house":"Lok Sabha","state":"Bihar","constituency":"VAISHALI"}
{"_id":{"$oid":"6aa507cc37068c6245ecf79b"},"name":"Sribharat MathuKumli","house":"Lok Sabha","state":"Andhra Pradesh","constituency":"VISAKHAPATNAM"}
{"_id":{"$oid":"6aa507cc37068c6245ecf79c"},"name":"SUDAMA PRASAD","house":"Lok Sabha","state":"Bihar","constituency":"ARRAH"}
{"_id":{"$oid":"6aa507cc37068c6245ecf79d"},"name":"SUDHA R","house":"Lok Sabha","state":"Tamil Nadu","constituency":"MAYILADUTHURAI"}
{"_id":{"$oid":"6aa507cc37068c6245ecf79e"},"name":"SUDHAKAR SINGH","house":"Lok Sabha","state":"Bihar","constituency":"BUXAR"}
{"_id":{"$oid":"6aa507cc37068c6245ecf79f"},"name":"Sudip Bandyopadhyay","house":"Lok Sabha","state":"West Bengal","constituency":"KOLKATA UTTAR"}
{"_id":{"$oid":"6aa507cc37068c6245ecf7a0"},"name":"SUKANTA KUMAR PANIGRAHI","house":"Lok Sabha","state":"Odisha","constituency":"KANDHAMAL"}
{"_id":{"$oid":"6aa507cc37068c6245ecf7a1"},"name":"SUKHDEO BHAGAT","house":"Lok Sabha","state":"Jharkhand","constituency":"LOHARDAGA"}
{"_id":{"$oid":"6aa507cc37068c6245ecf7a2"},"name":"SUKHJINDER SINGH RANDHAWA","house":"Lok Sabha","state":"Punjab","constituency":"GURDASPUR"}
{"_id":{"$oid":"6aa507cc37068c6245ecf7a3"},"name":"SUNIL BOSE","house":"Lok Sabha","state":"Karnataka","constituency":"CHAMARAJANAGAR"}
{"_id":{"$oid":"6aa507cc37068c6245ecf7a4"},"name":"Sunil Dattatray Tatkare","house":"Lok Sabha","state":"Maharashtra","constituency":"RAIGAD"}
{"_id":{"$oid":"6aa507cc37068c6245ecf7a5"},"name":"Sunil Kumar ","house":"Lok Sabha","state":"Bihar","constituency":"VALMIKI NAGAR"}
{"_id":{"$oid":"6aa507cc37068c6245ecf7a6"},"name":"SURENDRA PRASAD YADAV","house":"Lok Sabha","state":"Bihar","constituency":"JAHANABAD"}
{"_id":{"$oid":"6aa507cc37068c6245ecf7a7"},"name":"SURESH GOPI","house":"Lok Sabha","state":"Kerala","constituency":"THRISSUR"}
{"_id":{"$oid":"6aa507cc37068c6245ecf7a8"},"name":"Suresh Kumar Kashyap","house":"Lok Sabha","state":"Himachal Pradesh","constituency":"SHIMLA"}
{"_id":{"$oid":"6aa507cc37068c6245ecf7a9"},"name":"SURESH KUMAR SHETKAR","house":"Lok Sabha","state":"Telangana","constituency":"ZAHIRABAD"}
{"_id":{"$oid":"6aa507cc37068c6245ecf7aa"},"name":"Swami Sachchidanandhari Sakshi ji Maharaj ","house":"Lok Sabha","state":"Uttar Pradesh","constituency":"UNNAO"}
{"_id":{"$oid":"6aa507cc37068c6245ecf7ab"},"name":"T Sumathy (A) Thamizhachi Thangapandian ","house":"Lok Sabha","state":"Tamil Nadu","constituency":"CHENNAI SOUTH"}
{"_id":{"$oid":"6aa507cc37068c6245ecf7ac"},"name":"TANGELLA UDAY SRINIVAS","house":"Lok Sabha","state":"Andhra Pradesh","constituency":"KAKINADA"}
{"_id":{"$oid":"6aa507cc37068c6245ecf7ad"},"name":"TANUJ PUNIA","house":"Lok Sabha","state":"Uttar Pradesh","constituency":"BARABANKI"}
{"_id":{"$oid":"6aa507cc37068c6245ecf7ae"},"name":"TARIQ ANWAR","house":"Lok Sabha","state":"Bihar","constituency":"KATIHAR"}
{"_id":{"$oid":"6aa507cc37068c6245ecf7af"},"name":"Thalikkottai Rajuthevar Baalu","house":"Lok Sabha","state":"Tamil Nadu","constituency":"SRIPERUMBUDUR"}
{"_id":{"$oid":"6aa507cc37068c6245ecf7b0"},"name":"THANGA TAMILSELVAN","house":"Lok Sabha","state":"Tamil Nadu","constituency":"THENI"}
{"_id":{"$oid":"6aa507cc37068c6245ecf7b1"},"name":"THARANIVENTHAN M S","house":"Lok Sabha","state":"Tamil Nadu","constituency":"ARANI"}
{"_id":{"$oid":"6aa507cc37068c6245ecf7b2"},"name":"Thiru Dayanidhi Maran","house":"Lok Sabha","state":"Tamil Nadu","constituency":"CHENNAI CENTRAL"}
{"_id":{"$oid":"6aa507cc37068c6245ecf7b3"},"name":"Thirumaa Valavan Thol","house":"Lok Sabha","state":"Tamil Nadu","constituency":"CHIDAMBARAM"}
{"_id":{"$oid":"6aa507cc37068c6245ecf7b4"},"name":"TOKHAN SAHU","house":"Lok Sabha","state":"Chhattisgarh","constituency":"BILASPUR"}
{"_id":{"$oid":"6aa507cc37068c6245ecf7b5"},"name":"TRIVENDRA SINGH RAWAT","house":"Lok Sabha","state":"Uttarakhand","constituency":"HARDWAR"}
{"_id":{"$oid":"6aa507cc37068c6245ecf7b6"},"name":"UJJWAL RAMAN SINGH","house":"Lok Sabha","state":"Uttar Pradesh","constituency":"ALLAHABAD"}
{"_id":{"$oid":"6aa507cc37068c6245ecf7b7"},"name":"UMMEDA RAM BENIWAL","house":"Lok Sabha","state":"Rajasthan","constituency":"BARMER"}
{"_id":{"$oid":"6aa507cc37068c6245ecf7b8"},"name":"UTKARSH VERMA MADHUR","house":"Lok Sabha","state":"Uttar Pradesh","constituency":"KHERI"}
{"_id":{"$oid":"6aa507cc37068c6245ecf7b9"},"name":"V S Matheswaran","house":"Lok Sabha","state":"Tamil Nadu","constituency":"NAMAKKAL"}
{"_id":{"$oid":"6aa507cc37068c6245ecf7ba"},"name":"V. SOMANNA","house":"Lok Sabha","state":"Karnataka","constituency":"TUMKUR"}
{"_id":{"$oid":"6aa507cc37068c6245ecf7bb"},"name":"Vaithilingam Ve","house":"Lok Sabha","state":"Puducherry","constituency":"Puducherry"}
{"_id":{"$oid":"6aa507cc37068c6245ecf7bc"},"name":"VAMSI KRISHNA GADDAM","house":"Lok Sabha","state":"Telangana","constituency":"PEDDAPALLE"}
{"_id":{"$oid":"6aa507cc37068c6245ecf7bd"},"name":"VARUN CHAUDHRY","house":"Lok Sabha","state":"Haryana","constituency":"AMBALA"}
{"_id":{"$oid":"6aa507cc37068c6245ecf7be"},"name":"Vellalath Kochukrishnan Nair Sreekandan","house":"Lok Sabha","state":"Kerala","constituency":"PALAKKAD"}
{"_id":{"$oid":"6aa507cc37068c6245ecf7bf"},"name":"Vijay Baghel","house":"Lok Sabha","state":"Chhattisgarh","constituency":"DURG"}
{"_id":{"$oid":"6aa507cc37068c6245ecf7c0"},"name":"Vijay Kumar Dubey","house":"Lok Sabha","state":"Uttar Pradesh","constituency":"KUSHI NAGAR"}
{"_id":{"$oid":"6aa507cc37068c6245ecf7c1"},"name":"Vijay Kumar Hansdak","house":"Lok Sabha","state":"Jharkhand","constituency":"RAJMAHAL"}
{"_id":{"$oid":"6aa507cc37068c6245ecf7c2"},"name":"VIJAYLAKSHMI DEVI","house":"Lok Sabha","state":"Bihar","constituency":"SIWAN"}
{"_id":{"$oid":"6aa507cc37068c6245ecf7c3"},"name":"Vinod Chavda","house":"Lok Sabha","state":"Gujarat","constituency":"KACHCHH"}
{"_id":{"$oid":"6aa507cc37068c6245ecf7c4"},"name":"VINOD KUMAR BIND","house":"Lok Sabha","state":"Uttar Pradesh","constituency":"BHADOHI"}
{"_id":{"$oid":"6aa507cc37068c6245ecf7c5"},"name":"Virendra Kumar","house":"Lok Sabha","state":"Madhya Pradesh","constituency":"TIKAMGARH"}
{"_id":{"$oid":"6aa507cc37068c6245ecf7c6"},"name":"VIRENDRA SINGH","house":"Lok Sabha","state":"Uttar Pradesh","constituency":"CHANDAULI"}
{"_id":{"$oid":"6aa507cc37068c6245ecf7c7"},"name":"VISHAL","house":"Lok Sabha","state":"Maharashtra","constituency":"SANGLI"}
{"_id":{"$oid":"6aa507cc37068c6245ecf7c8"},"name":"Vishnu Dayal Ram","house":"Lok Sabha","state":"Jharkhand","constituency":"PALAMU"}
{"_id":{"$oid":"6aa507cc37068c6245ecf7c9"},"name":"Vishnu Dutt Sharma","house":"Lok Sabha","state":"Madhya Pradesh","constituency":"KHAJURAHO"}
{"_id":{"$oid":"6aa507cc37068c6245ecf7ca"},"name":"VISHWESHWAR HEGDE KAGERI","house":"Lok Sabha","state":"Karnataka","constituency":"UTTARA KANNADA"}
{"_id":{"$oid":"6aa507cc37068c6245ecf7cb"},"name":"VIVEK THAKUR","house":"Lok Sabha","state":"Bihar","constituency":"NAWADA"}
{"_id":{"$oid":"6aa507cc37068c6245ecf7cc"},"name":"Y S Avinash Reddy","house":"Lok Sabha","state":"Andhra Pradesh","constituency":"KADAPA"}
{"_id":{"$oid":"6aa507cc37068c6245ecf7cd"},"name":"YADUVEER KRISHNADATTA CHAMARAJA WADIYAR","house":"Lok Sabha","state":"Karnataka","constituency":"MYSORE"}
{"_id":{"$oid":"6aa507cc37068c6245ecf7ce"},"name":"Yogendra Chandoliya","house":"Lok Sabha","state":"Delhi","constituency":"NORTH WEST DELHI"}
{"_id":{"$oid":"6aa507cc37068c6245ecf7cf"},"name":"ZIA UR REHMAN","house":"Lok Sabha","state":"Uttar Pradesh","constituency":"SAMBHAL"}
{"_id":{"$oid":"6aa507cc37068c6245ecf7d0"},"name":"A Chellakumar","house":"Lok Sabha","state":"Tamil Nadu","constituency":"KRISHNAGIRI"}
{"_id":{"$oid":"6aa507cc37068c6245ecf7d1"},"name":"A Ganeshamurthi(17th Lok Sabha)","house":"Lok Sabha","state":"Tamil Nadu","constituency":"ERODE"}
{"_id":{"$oid":"6aa507cc37068c6245ecf7d2"},"name":"Abdul Majeed Ariff","house":"Lok Sabha","state":"Kerala","constituency":"ALAPPUZHA"}
{"_id":{"$oid":"6aa507cc37068c6245ecf7d3"},"name":"Abu Taher Khan(17th Lok Sabha)","house":"Lok Sabha","state":"West Bengal","constituency":"MURSHIDABAD"}
{"_id":{"$oid":"6aa507cc37068c6245ecf7d4"},"name":"Achyutananda Samanta(17th Lok Sabha)","house":"Lok Sabha","state":"Odisha","constituency":"KANDHAMAL"}
{"_id":{"$oid":"6aa507cc37068c6245ecf7d5"},"name":"Adala Reddy","house":"Lok Sabha","state":"Andhra Pradesh","constituency":"NELLORE"}
{"_id":{"$oid":"6aa507cc37068c6245ecf7d6"},"name":"Adhir Ranjan Chowdhury (17th Lok Sabha)","house":"Lok Sabha","state":"West Bengal","constituency":"BAHARAMPUR"}
{"_id":{"$oid":"6aa507cc37068c6245ecf7d7"},"name":"Adv Adoor Prakash (17th Lok Sabha)","house":"Lok Sabha","state":"Kerala","constituency":"ATTINGAL"}
{"_id":{"$oid":"6aa507cc37068c6245ecf7d8"},"name":"Adv Dean Kuriakose (17th Lok Sabha)","house":"Lok Sabha","state":"Kerala","constituency":"IDUKKI"}
{"_id":{"$oid":"6aa507cc37068c6245ecf7d9"},"name":"Afzal Ansari(17th Lok Sabha)","house":"Lok Sabha","state":"Uttar Pradesh","constituency":"GHAZIPUR"}
{"_id":{"$oid":"6aa507cc37068c6245ecf7da"},"name":"Ajay Nishad","house":"Lok Sabha","state":"Bihar","constituency":"MUZAFFARPUR"}
{"_id":{"$oid":"6aa507cc37068c6245ecf7db"},"name":"AKP Chinraj(17th Lok Sabha)","house":"Lok Sabha","state":"Tamil Nadu","constituency":"NAMAKKAL"}
{"_id":{"$oid":"6aa507cc37068c6245ecf7dc"},"name":"Akshaibar Lal","house":"Lok Sabha","state":"Uttar Pradesh","constituency":"BAHRAICH"}
{"_id":{"$oid":"6aa507cc37068c6245ecf7dd"},"name":"Amit Shah (Ex 17 Lok Sabha)","house":"Lok Sabha","state":"Gujarat","constituency":"GANDHINAGAR"}
{"_id":{"$oid":"6aa507cc37068c6245ecf7de"},"name":"Amol Ramsing Kolhe(17th Lok Sabha)","house":"Lok Sabha","state":"Maharashtra","constituency":"SHIRUR"}
{"_id":{"$oid":"6aa507cc37068c6245ecf7df"},"name":"Anantkumar Hegde","house":"Lok Sabha","state":"Karnataka","constituency":"UTTARA KANNADA"}
{"_id":{"$oid":"6aa507cc37068c6245ecf7e0"},"name":"Andimuthu Raja(17th Lok Sabha)","house":"Lok Sabha","state":"Tamil Nadu","constituency":"NILGIRIS"}
{"_id":{"$oid":"6aa507cc37068c6245ecf7e1"},"name":"Annasaheb Shankar Jolle","house":"Lok Sabha","state":"Karnataka","constituency":"CHIKKODI"}
{"_id":{"$oid":"6aa507cc37068c6245ecf7e2"},"name":"Annpurna Devi","house":"Lok Sabha","state":"Jharkhand","constituency":"KODARMA"}
{"_id":{"$oid":"6aa507cc37068c6245ecf7e3"},"name":"Anto Antony(17th Lok Sabha)","house":"Lok Sabha","state":"Kerala","constituency":"PATHANAMTHITTA"}
{"_id":{"$oid":"6aa507cc37068c6245ecf7e4"},"name":"Anubhav Mohanty(17th Lok Sabha)","house":"Lok Sabha","state":"Odisha","constituency":"KENDRAPARA"}
{"_id":{"$oid":"6aa507cc37068c6245ecf7e5"},"name":"Anumula Revanth Reddy(17th Lok Sabha)","house":"Lok Sabha","state":"Telangana","constituency":"MALKAJGIRI"}
{"_id":{"$oid":"6aa507cc37068c6245ecf7e6"},"name":"Anurag Sharma","house":"Lok Sabha","state":"Uttar Pradesh","constituency":"JHANSI"}
{"_id":{"$oid":"6aa507cc37068c6245ecf7e7"},"name":"Aparupa Poddar","house":"Lok Sabha","state":"West Bengal","constituency":"ARAMBAG"}
{"_id":{"$oid":"6aa507cc37068c6245ecf7e8"},"name":"Arjunlal Meena(17th Lok Sabha)","house":"Lok Sabha","state":"Rajasthan","constituency":"UDAIPUR"}
{"_id":{"$oid":"6aa507cc37068c6245ecf7e9"},"name":"Arun Sao","house":"Lok Sabha","state":"Chhattisgarh","constituency":"BILASPUR"}
{"_id":{"$oid":"6aa507cc37068c6245ecf7ea"},"name":"Arvind Dharmapuri(17th Lok Sabha)","house":"Lok Sabha","state":"Telangana","constituency":"NIZAMABAD"}
{"_id":{"$oid":"6aa507cc37068c6245ecf7eb"},"name":"Arvind Ganpat Sawant(17th Lok Sabha)","house":"Lok Sabha","state":"Maharashtra","constituency":"MUMBAI SOUTH"}
{"_id":{"$oid":"6aa507cc37068c6245ecf7ec"},"name":"Arvind Kumar Sharma(17TH Lok Sabha)","house":"Lok Sabha","state":"Haryana","constituency":"ROHTAK"}
{"_id":{"$oid":"6aa507cc37068c6245ecf7ed"},"name":"Asaduddin Owaisi(17th Lok Sabha)","house":"Lok Sabha","state":"Telangana","constituency":"HYDERABAD"}
{"_id":{"$oid":"6aa507cc37068c6245ecf7ee"},"name":"Ashok Kumar Rawat(17TH Lok Sabha)","house":"Lok Sabha","state":"Uttar Pradesh","constituency":"MISRIKH"}
{"_id":{"$oid":"6aa507cc37068c6245ecf7ef"},"name":"Ashok Kumar Yadav","house":"Lok Sabha","state":"Bihar","constituency":"MADHUBANI"}
{"_id":{"$oid":"6aa507cc37068c6245ecf7f0"},"name":"Ashok Mahadeorao Nete","house":"Lok Sabha","state":"Maharashtra","constituency":"GADCHIROLI-CHIMUR"}
{"_id":{"$oid":"6aa507cc37068c6245ecf7f1"},"name":"Ashwini Kumar Choubey","house":"Lok Sabha","state":"Bihar","constituency":"BUXAR"}
{"_id":{"$oid":"6aa507cc37068c6245ecf7f2"},"name":"Asit Kumar Mal (17th Lok Sabha)","house":"Lok Sabha","state":"West Bengal","constituency":"BOLPUR"}
{"_id":{"$oid":"6aa507cc37068c6245ecf7f3"},"name":"Atul Kumar Singh(17th Lok Sabha)","house":"Lok Sabha","state":"Uttar Pradesh","constituency":"GHOSI"}
{"_id":{"$oid":"6aa507cc37068c6245ecf7f4"},"name":"Bache BN Gowda(17th Lok Sabha)","house":"Lok Sabha","state":"Karnataka","constituency":"CHIKBALLAPUR"}
{"_id":{"$oid":"6aa507cc37068c6245ecf7f5"},"name":"Basanta Kumar Panda(17th Lok Sabha)","house":"Lok Sabha","state":"Odisha","constituency":"KALAHANDI"}
{"_id":{"$oid":"6aa507cc37068c6245ecf7f6"},"name":"Beesetti Venkata Satyavathi","house":"Lok Sabha","state":"Andhra Pradesh","constituency":"ANAKAPALLE"}
{"_id":{"$oid":"6aa507cc37068c6245ecf7f7"},"name":"Bhagirath Chaudhary(17th Lok Sabha)","house":"Lok Sabha","state":"Rajasthan","constituency":"AJMER"}
{"_id":{"$oid":"6aa507cc37068c6245ecf7f8"},"name":"Bhagwanth Khuba","house":"Lok Sabha","state":"Karnataka","constituency":"BIDAR"}
{"_id":{"$oid":"6aa507cc37068c6245ecf7f9"},"name":"Bhanu Pratap Singh Verma(17th Lok Sabha)","house":"Lok Sabha","state":"Uttar Pradesh","constituency":"JALAUN"}
{"_id":{"$oid":"6aa507cc37068c6245ecf7fa"},"name":"Bharatiben Dhirubhai Shyal","house":"Lok Sabha","state":"Gujarat","constituency":"BHAVNAGAR"}
{"_id":{"$oid":"6aa507cc37068c6245ecf7fb"},"name":"Bharti Pravin Pawar(17th Lok Sabha)","house":"Lok Sabha","state":"Maharashtra","constituency":"DINDORI"}
{"_id":{"$oid":"6aa507cc37068c6245ecf7fc"},"name":"Bheemrao Baswanthrao Patil","house":"Lok Sabha","state":"Telangana","constituency":"ZAHIRABAD"}
{"_id":{"$oid":"6aa507cc37068c6245ecf7fd"},"name":"Bhola Singh(17th Lok Sabha)","house":"Lok Sabha","state":"Uttar Pradesh","constituency":"BULANDSHAHR"}
{"_id":{"$oid":"6aa507cc37068c6245ecf7fe"},"name":"Bishweswar Tudu(17th Lok Sabha)","house":"Lok Sabha","state":"Odisha","constituency":"MAYURBHANJ"}
{"_id":{"$oid":"6aa507cc37068c6245ecf7ff"},"name":"BP Saroj Bholanath","house":"Lok Sabha","state":"Uttar Pradesh","constituency":"MACHHLISHAHR"}
{"_id":{"$oid":"6aa507cc37068c6245ecf800"},"name":"Brijbhushan Sharan Singh(17th Lok Sabha)","house":"Lok Sabha","state":"Uttar Pradesh","constituency":"KAISERGANJ"}
{"_id":{"$oid":"6aa507cc37068c6245ecf801"},"name":"Brijendra Singh","house":"Lok Sabha","state":"Haryana","constituency":"HISAR"}
{"_id":{"$oid":"6aa507cc37068c6245ecf802"},"name":"C Lalrosanga(17th Lok Sabha)","house":"Lok Sabha","state":"Mizoram","constituency":"MIZORAM"}
{"_id":{"$oid":"6aa507cc37068c6245ecf803"},"name":"Chandan Singh","house":"Lok Sabha","state":"Bihar","constituency":"NAWADA"}
{"_id":{"$oid":"6aa507cc37068c6245ecf804"},"name":"Chandeshwar Prasad","house":"Lok Sabha","state":"Bihar","constituency":"JAHANABAD"}
{"_id":{"$oid":"6aa507cc37068c6245ecf805"},"name":"Chandra Prakash Joshi(17th Lok Sabha)","house":"Lok Sabha","state":"Rajasthan","constituency":"CHITTORGARH"}
{"_id":{"$oid":"6aa507cc37068c6245ecf806"},"name":"Chandra Sekhar Bellana","house":"Lok Sabha","state":"Andhra Pradesh","constituency":"VIZIANAGARAM"}
{"_id":{"$oid":"6aa507cc37068c6245ecf807"},"name":"Chaudhary Mehboob Ali Kaiser","house":"Lok Sabha","state":"Bihar","constituency":"KHAGARIA"}
{"_id":{"$oid":"6aa507cc37068c6245ecf808"},"name":"Chhatar Singh Darbar(17th Lok Sabha)","house":"Lok Sabha","state":"Madhya Pradesh","constituency":"DHAR"}
{"_id":{"$oid":"6aa507cc37068c6245ecf809"},"name":"Chhedi Paswan","house":"Lok Sabha","state":"Bihar","constituency":"SASARAM"}
{"_id":{"$oid":"6aa507cc37068c6245ecf80a"},"name":"Chirag Paswan","house":"Lok Sabha","state":"Bihar","constituency":"JAMUI"}
{"_id":{"$oid":"6aa507cc37068c6245ecf80b"},"name":"Chunni lal Sahu","house":"Lok Sabha","state":"Chhattisgarh","constituency":"MAHASAMUND"}
{"_id":{"$oid":"6aa507cc37068c6245ecf80c"},"name":"CN Annadurai(17TH Lok Sabha)","house":"Lok Sabha","state":"Tamil Nadu","constituency":"TIRUVANNAMALAI"}
{"_id":{"$oid":"6aa507cc37068c6245ecf80d"},"name":"D M Kathir Anand (17th Lok Sabha)","house":"Lok Sabha","state":"Tamil Nadu","constituency":"VELLORE"}
{"_id":{"$oid":"6aa507cc37068c6245ecf80e"},"name":"D Ravikumar","house":"Lok Sabha","state":"Tamil Nadu","constituency":"VILUPPURAM"}
{"_id":{"$oid":"6aa507cc37068c6245ecf80f"},"name":"Dayakar Pasunoori(17th Lok Sabha)","house":"Lok Sabha","state":"Telangana","constituency":"WARANGEL"}
{"_id":{"$oid":"6aa507cc37068c6245ecf810"},"name":"Deepak Baij","house":"Lok Sabha","state":"Chhattisgarh","constituency":"BASTAR"}
{"_id":{"$oid":"6aa507cc37068c6245ecf811"},"name":"Devendra Alias Bhole Singh(17th Lok Sabha)","house":"Lok Sabha","state":"Uttar Pradesh","constituency":"AKBARPUR"}
{"_id":{"$oid":"6aa507cc37068c6245ecf812"},"name":"Devji Mansingram Patel(17th Lok Sabha)","house":"Lok Sabha","state":"Rajasthan","constituency":"JALORE"}
{"_id":{"$oid":"6aa507cc37068c6245ecf813"},"name":"Dhairyasheel Sambhajirao Mane(17th Lok Sabha)","house":"Lok Sabha","state":"Maharashtra","constituency":"HATKANANGLE"}
{"_id":{"$oid":"6aa507cc37068c6245ecf814"},"name":"Dhal Singh Bisen","house":"Lok Sabha","state":"Madhya Pradesh","constituency":"BALAGHAT"}
{"_id":{"$oid":"6aa507cc37068c6245ecf815"},"name":"Dhanush M Kumar(17th Lok Sabha)","house":"Lok Sabha","state":"Tamil Nadu","constituency":"TENKASI"}
{"_id":{"$oid":"6aa507cc37068c6245ecf816"},"name":"Dharmendra Kumar Kashyap(17th Lok Sabha)","house":"Lok Sabha","state":"Uttar Pradesh","constituency":"AONLA"}
{"_id":{"$oid":"6aa507cc37068c6245ecf817"},"name":"Dileshwar Kamait","house":"Lok Sabha","state":"Bihar","constituency":"SUPAUL"}
{"_id":{"$oid":"6aa507cc37068c6245ecf818"},"name":"Dinesh Lal Yadav (17th Lok Sabha)","house":"Lok Sabha","state":"Uttar Pradesh","constituency":"AZAMGARH"}
{"_id":{"$oid":"6aa507cc37068c6245ecf819"},"name":"Dipsinh Shankarsinh Rathod","house":"Lok Sabha","state":"Gujarat","constituency":"SABARKANTHA"}
{"_id":{"$oid":"6aa507cc37068c6245ecf81a"},"name":"Dnv Senthilkumar S(17th Lok Sabha)","house":"Lok Sabha","state":"Tamil Nadu","constituency":"DHARAMAPURI"}
{"_id":{"$oid":"6aa507cc37068c6245ecf81b"},"name":"Doddaalahalli Kempegowda Suresh","house":"Lok Sabha","state":"Karnataka","constituency":"BANGALORE RURAL"}
{"_id":{"$oid":"6aa507cc37068c6245ecf81c"},"name":"Dr Chandra Sen Jadon (17th Lok Sabha)","house":"Lok Sabha","state":"Uttar Pradesh","constituency":"FIROZABAD"}
{"_id":{"$oid":"6aa507cc37068c6245ecf81d"},"name":"Dr Harsh Vardhan (17th Lok Sabha)","house":"Lok Sabha","state":"Delhi","constituency":"CHANDINI CHOWK"}
{"_id":{"$oid":"6aa507cc37068c6245ecf81e"},"name":"Dr Jayanta Kumar Roy (17th Lok Sabha)","house":"Lok Sabha","state":"West Bengal","constituency":"JALPAIGURI"}
{"_id":{"$oid":"6aa507cc37068c6245ecf81f"},"name":"Dr K C Patel (17th Lok Sabha)","house":"Lok Sabha","state":"Gujarat","constituency":"VALSAD"}
{"_id":{"$oid":"6aa507cc37068c6245ecf820"},"name":"Dr Kakoli Ghosh Dastidar ","house":"Lok Sabha","state":"West Bengal","constituency":"BARASAT"}
{"_id":{"$oid":"6aa507cc37068c6245ecf821"},"name":"Dr Mahendrabhai Munjapara (17th Lok Sabha)","house":"Lok Sabha","state":"Gujarat","constituency":"SURENDRANAGAR"}
{"_id":{"$oid":"6aa507cc37068c6245ecf822"},"name":"Dr Mohammad Jawed (17th Lok Sabha)","house":"Lok Sabha","state":"Bihar","constituency":"KISHANGANJ"}
{"_id":{"$oid":"6aa507cc37068c6245ecf823"},"name":"Dr Sanjeev Kumar Singari (17th Lok Sabha)","house":"Lok Sabha","state":"Andhra Pradesh","constituency":"KURNOOL"}
{"_id":{"$oid":"6aa507cc37068c6245ecf824"},"name":"Dr Shashi Tharoor (17th Lok Sabha)","house":"Lok Sabha","state":"Kerala","constituency":"THIRUVANANTHAPURAM"}
{"_id":{"$oid":"6aa507cc37068c6245ecf825"},"name":"Dr Sukanta Majumdar (17th Lok Sabha)","house":"Lok Sabha","state":"West Bengal","constituency":"BALURGHAT"}
{"_id":{"$oid":"6aa507cc37068c6245ecf826"},"name":"Dr Umesh G Jadhav (17th Lok Sabha)","house":"Lok Sabha","state":"Karnataka","constituency":"GULBARGA"}
{"_id":{"$oid":"6aa507cc37068c6245ecf827"},"name":"Dr. Vijay Kumar Singh  (Retd) General ","house":"Lok Sabha","state":"Uttar Pradesh","constituency":"GHAZIABAD"}
{"_id":{"$oid":"6aa507cc37068c6245ecf828"},"name":"Durga Das Uikey","house":"Lok Sabha","state":"Madhya Pradesh","constituency":"BETUL"}
{"_id":{"$oid":"6aa507cc37068c6245ecf829"},"name":"Dushyant Singh(17th Lok Sabha)","house":"Lok Sabha","state":"Rajasthan","constituency":"JHALAWAR-BARAN"}
{"_id":{"$oid":"6aa507cc37068c6245ecf82a"},"name":"E T Mohammed Basheer(17th Lok Sabha)","house":"Lok Sabha","state":"Kerala","constituency":"PONNANI"}
{"_id":{"$oid":"6aa507cc37068c6245ecf82b"},"name":"Faggan Singh Kulaste(17th Lok Sabha)","house":"Lok Sabha","state":"Madhya Pradesh","constituency":"MANDLA"}
{"_id":{"$oid":"6aa507cc37068c6245ecf82c"},"name":"Faizal PP Mohammed(17th Lok Sabha)","house":"Lok Sabha","state":"Lakshadweep","constituency":"LAKSHADWEEP"}
{"_id":{"$oid":"6aa507cc37068c6245ecf82d"},"name":"Feroze Varun Gandhi","house":"Lok Sabha","state":"Uttar Pradesh","constituency":"PILIBHIT"}
{"_id":{"$oid":"6aa507cc37068c6245ecf82e"},"name":"Francisco Cosme Sardinha","house":"Lok Sabha","state":"Goa","constituency":"SOUTH GOA"}
{"_id":{"$oid":"6aa507cc37068c6245ecf82f"},"name":"Gaddam Ranjith Reddy(17th Lok Sabha)","house":"Lok Sabha","state":"Telangana","constituency":"CHELVELLA"}
{"_id":{"$oid":"6aa507cc37068c6245ecf830"},"name":"Gajendra Singh Patel(17th Lok Sabha)","house":"Lok Sabha","state":"Madhya Pradesh","constituency":"KHARGONE"}
{"_id":{"$oid":"6aa507cc37068c6245ecf831"},"name":"Gajendra Singh Shekhawat(17th Lok Sabha)","house":"Lok Sabha","state":"Rajasthan","constituency":"JODHPUR"}
{"_id":{"$oid":"6aa507cc37068c6245ecf832"},"name":"Ganesan Selvam(17th Lok Sabha)","house":"Lok Sabha","state":"Tamil Nadu","constituency":"KANCHEEPURAM"}
{"_id":{"$oid":"6aa507cc37068c6245ecf833"},"name":"Ganesh Singh(17th Lok Sabha)","house":"Lok Sabha","state":"Madhya Pradesh","constituency":"SATNA"}
{"_id":{"$oid":"6aa507cc37068c6245ecf834"},"name":"Gaurav Gogoi","house":"Lok Sabha","state":"Assam","constituency":"Kaziranga"}
{"_id":{"$oid":"6aa507cc37068c6245ecf835"},"name":"Gautam Gambhir (17th Lok Sabha)","house":"Lok Sabha","state":"Delhi","constituency":"EAST DELHI"}
{"_id":{"$oid":"6aa507cc37068c6245ecf836"},"name":"Geeta Kora(17th Lok Sabha)","house":"Lok Sabha","state":"Jharkhand","constituency":"SINGHBHUM"}
{"_id":{"$oid":"6aa507cc37068c6245ecf837"},"name":"Ghanshyam Singh Lodhi(17th Lok Sabha)","house":"Lok Sabha","state":"Uttar Pradesh","constituency":"RAMPUR"}
{"_id":{"$oid":"6aa507cc37068c6245ecf838"},"name":"Girish Bhalchandra Bapat (Ex 17 Lok Sabha)","house":"Lok Sabha","state":"Maharashtra","constituency":"PUNE"}
{"_id":{"$oid":"6aa507cc37068c6245ecf839"},"name":"Girish Chandra(17th Lok Sabha)","house":"Lok Sabha","state":"Uttar Pradesh","constituency":"NAGINA"}
{"_id":{"$oid":"6aa507cc37068c6245ecf83a"},"name":"Goddeti Madhavi","house":"Lok Sabha","state":"Andhra Pradesh","constituency":"ARAKU"}
{"_id":{"$oid":"6aa507cc37068c6245ecf83b"},"name":"Gowdar Mallikarjunappa Siddeshwara","house":"Lok Sabha","state":"Karnataka","constituency":"DAVANAGERE"}
{"_id":{"$oid":"6aa507cc37068c6245ecf83c"},"name":"Guharam Ajgalley","house":"Lok Sabha","state":"Chhattisgarh","constituency":"JANJGIR CHAMPA"}
{"_id":{"$oid":"6aa507cc37068c6245ecf83d"},"name":"Guman Singh Damor","house":"Lok Sabha","state":"Madhya Pradesh","constituency":"RATLAM"}
{"_id":{"$oid":"6aa507cc37068c6245ecf83e"},"name":"Gyaneshwar Patil(17th Lok Sabha)","house":"Lok Sabha","state":"Madhya Pradesh","constituency":"KHANDWA"}
{"_id":{"$oid":"6aa507cc37068c6245ecf83f"},"name":"Hans Raj Hans (17th Lok Sabha)","house":"Lok Sabha","state":"Delhi","constituency":"NORTH WEST DELHI"}
{"_id":{"$oid":"6aa507cc37068c6245ecf840"},"name":"Hasnain Masoodi","house":"Lok Sabha","state":"Jammu And Kashmir","constituency":"ANANTNAG"}
{"_id":{"$oid":"6aa507cc37068c6245ecf841"},"name":"Heena Vijaykumar Gavit(17th Lok Sabha)","house":"Lok Sabha","state":"Maharashtra","constituency":"NANDURBAR"}
{"_id":{"$oid":"6aa507cc37068c6245ecf842"},"name":"Hemant Shriram Patil","house":"Lok Sabha","state":"Maharashtra","constituency":"HINGOLI"}
{"_id":{"$oid":"6aa507cc37068c6245ecf843"},"name":"Hemant Tukaram Godse(17th Lok Sabha)","house":"Lok Sabha","state":"Maharashtra","constituency":"NASHIK"}
{"_id":{"$oid":"6aa507cc37068c6245ecf844"},"name":"Horen Sing Bey","house":"Lok Sabha","state":"Assam","constituency":"Diphu"}
{"_id":{"$oid":"6aa507cc37068c6245ecf845"},"name":"Jagannath Sarkar(17th Lok Sabha)","house":"Lok Sabha","state":"West Bengal","constituency":"RANAGHAT"}
{"_id":{"$oid":"6aa507cc37068c6245ecf846"},"name":"Jagdambika Pal(17th Lok Sabha)","house":"Lok Sabha","state":"Uttar Pradesh","constituency":"DOMARIYAGANJ"}
{"_id":{"$oid":"6aa507cc37068c6245ecf847"},"name":"Jai Prakash(17th Lok Sabha)","house":"Lok Sabha","state":"Uttar Pradesh","constituency":"HARDOI"}
{"_id":{"$oid":"6aa507cc37068c6245ecf848"},"name":"Jaisidheshwar Shivachary Mahaswamiji","house":"Lok Sabha","state":"Maharashtra","constituency":"SOLAPUR"}
{"_id":{"$oid":"6aa507cc37068c6245ecf849"},"name":"Janardan Mishra(17th Lok Sabha)","house":"Lok Sabha","state":"Madhya Pradesh","constituency":"REWA"}
{"_id":{"$oid":"6aa507cc37068c6245ecf84a"},"name":"Jayadev Galla","house":"Lok Sabha","state":"Andhra Pradesh","constituency":"GUNTUR"}
{"_id":{"$oid":"6aa507cc37068c6245ecf84b"},"name":"John Barla","house":"Lok Sabha","state":"West Bengal","constituency":"ALIPURDUARS"}
{"_id":{"$oid":"6aa507cc37068c6245ecf84c"},"name":"Jyotsna Charandas Mahant","house":"Lok Sabha","state":"Chhattisgarh","constituency":"KORBA"}
{"_id":{"$oid":"6aa507cc37068c6245ecf84d"},"name":"K Jayakumar(17th Lok Sabha)","house":"Lok Sabha","state":"Tamil Nadu","constituency":"TIRUVALLUR"}
{"_id":{"$oid":"6aa507cc37068c6245ecf84e"},"name":"K Shanmuga Sundaram(17th Lok Sabha)","house":"Lok Sabha","state":"Tamil Nadu","constituency":"POLLACHI"}
{"_id":{"$oid":"6aa507cc37068c6245ecf84f"},"name":"K Subbarayan(17th Lok Sabha)","house":"Lok Sabha","state":"Tamil Nadu","constituency":"TIRUPPUR"}
{"_id":{"$oid":"6aa507cc37068c6245ecf850"},"name":"Kailash Choudhary(17th Lok Sabha)","house":"Lok Sabha","state":"Rajasthan","constituency":"BARMER"}
{"_id":{"$oid":"6aa507cc37068c6245ecf851"},"name":"Kalanidhi Veeraswamy (17th Lok Sabha)","house":"Lok Sabha","state":"Tamil Nadu","constituency":"CHENNAI NORTH"}
{"_id":{"$oid":"6aa507cc37068c6245ecf852"},"name":"Kalyan Banerjee (17th Lok Sabha)","house":"Lok Sabha","state":"West Bengal","constituency":"SREERAMPUR"}
{"_id":{"$oid":"6aa507cc37068c6245ecf853"},"name":"Kamlesh Paswan(17th Lok Sabha)","house":"Lok Sabha","state":"Uttar Pradesh","constituency":"BANSGAON"}
{"_id":{"$oid":"6aa507cc37068c6245ecf854"},"name":"Kanakmal Katara(17th Lok Sabha)","house":"Lok Sabha","state":"Rajasthan","constituency":"BANSWARA"}
{"_id":{"$oid":"6aa507cc37068c6245ecf855"},"name":"Kani K Navas(17th Lok Sabha)","house":"Lok Sabha","state":"Tamil Nadu","constituency":"RAMANATHAPURAM"}
{"_id":{"$oid":"6aa507cc37068c6245ecf856"},"name":"Kapil Moreshwar Patil(17th Lok Sabha)","house":"Lok Sabha","state":"Maharashtra","constituency":"BHIWANDI"}
{"_id":{"$oid":"6aa507cc37068c6245ecf857"},"name":"Kaushal Kishore","house":"Lok Sabha","state":"Uttar Pradesh","constituency":"MOHANLALGANJ"}
{"_id":{"$oid":"6aa507cc37068c6245ecf858"},"name":"Khagen Murmu(17th Lok Sabha)","house":"Lok Sabha","state":"West Bengal","constituency":"MALDAHA UTTAR"}
{"_id":{"$oid":"6aa507cc37068c6245ecf859"},"name":"Khalilur Rahaman","house":"Lok Sabha","state":"West Bengal","constituency":"JANGIPUR"}
{"_id":{"$oid":"6aa507cc37068c6245ecf85a"},"name":"Kirit Premjibhai Solanki(17th Lok Sabha)","house":"Lok Sabha","state":"Gujarat","constituency":"AHMEDABAD WEST"}
{"_id":{"$oid":"6aa507cc37068c6245ecf85b"},"name":"Kirti Vardhan Singh(17th Lok Sabha)","house":"Lok Sabha","state":"Uttar Pradesh","constituency":"GONDA"}
{"_id":{"$oid":"6aa507cc37068c6245ecf85c"},"name":"Kishan Kapoor","house":"Lok Sabha","state":"Himachal Pradesh","constituency":"KANGRA"}
{"_id":{"$oid":"6aa507cc37068c6245ecf85d"},"name":"Kishan Reddy Gangapuram(17th Lok Sabha)","house":"Lok Sabha","state":"Telangana","constituency":"SECUNDERABAD"}
{"_id":{"$oid":"6aa507cc37068c6245ecf85e"},"name":"Km Shobha Karandlaje (17th Lok Sabha)","house":"Lok Sabha","state":"Karnataka","constituency":"UDUPI CHIKMAGALUR"}
{"_id":{"$oid":"6aa507cc37068c6245ecf85f"},"name":"Kotagiri Sridhar","house":"Lok Sabha","state":"Andhra Pradesh","constituency":"ELURU"}
{"_id":{"$oid":"6aa507cc37068c6245ecf860"},"name":"Kotha Prabhakar Reddy(Ex 17th Lok Sabha)","house":"Lok Sabha","state":"Telangana","constituency":"MEDAK"}
{"_id":{"$oid":"6aa507cc37068c6245ecf861"},"name":"Krishna Pal Singh Yadav(17th Lok Sabha)","house":"Lok Sabha","state":"Madhya Pradesh","constituency":"GUNA"}
{"_id":{"$oid":"6aa507cc37068c6245ecf862"},"name":"Krupal Balaji Tumane(17th Lok Sabha)","house":"Lok Sabha","state":"Maharashtra","constituency":"RAMTEK"}
{"_id":{"$oid":"6aa507cc37068c6245ecf863"},"name":"Kuldeep Rai Sharma","house":"Lok Sabha","state":"Andaman And Nicobar Islands","constituency":"ANDAMAN AND NICOBAR ISLANDS"}
{"_id":{"$oid":"6aa507cc37068c6245ecf864"},"name":"Kum Agatha K Sangma(17th Lok Sabha)","house":"Lok Sabha","state":"Meghalaya","constituency":"TURA"}
{"_id":{"$oid":"6aa507cc37068c6245ecf865"},"name":"Kunwar Pushpendra Singh Chandel","house":"Lok Sabha","state":"Uttar Pradesh","constituency":"HAMIRPUR"}
{"_id":{"$oid":"6aa507cc37068c6245ecf866"},"name":"Kuruva Gorantla Madhav","house":"Lok Sabha","state":"Andhra Pradesh","constituency":"HINDUPUR"}
{"_id":{"$oid":"6aa507cc37068c6245ecf867"},"name":"Lalubhai B Patel (17th Lok Sabha)","house":"Lok Sabha","state":"The Dadra And Nagar Haveli And Daman And Diu","constituency":"DAMAN and DIU"}
{"_id":{"$oid":"6aa507cc37068c6245ecf868"},"name":"M P Abdussamad Samadani","house":"Lok Sabha","state":"Kerala","constituency":"MALAPPURAM"}
{"_id":{"$oid":"6aa507cc37068c6245ecf869"},"name":"M Selvaraj(17th Lok Sabha)","house":"Lok Sabha","state":"Tamil Nadu","constituency":"NAGAPATTINAM"}
{"_id":{"$oid":"6aa507cc37068c6245ecf86a"},"name":"Mahabali Singh","house":"Lok Sabha","state":"Bihar","constituency":"KARAKAT"}
{"_id":{"$oid":"6aa507cc37068c6245ecf86b"},"name":"Mahant Balak Nath Yogi","house":"Lok Sabha","state":"Rajasthan","constituency":"ALWAR"}
{"_id":{"$oid":"6aa507cc37068c6245ecf86c"},"name":"Mahendra Nath Pandey(17th Lok Sabha)","house":"Lok Sabha","state":"Uttar Pradesh","constituency":"CHANDAULI"}
{"_id":{"$oid":"6aa507cc37068c6245ecf86d"},"name":"Mahendra Singh Solanky(17th Lok Sabha)","house":"Lok Sabha","state":"Madhya Pradesh","constituency":"DEWAS"}
{"_id":{"$oid":"6aa507cc37068c6245ecf86e"},"name":"Mahesh Sharma(17th Lok Sabha)","house":"Lok Sabha","state":"Uttar Pradesh","constituency":"GAUTAM BUDDHA NAGAR"}
{"_id":{"$oid":"6aa507cc37068c6245ecf86f"},"name":"Mala Rajya Laxmi Shah","house":"Lok Sabha","state":"Uttarakhand","constituency":"TEHRI GARHWAL"}
{"_id":{"$oid":"6aa507cc37068c6245ecf870"},"name":"Mala Roy","house":"Lok Sabha","state":"West Bengal","constituency":"KOLKATA DAKSHIN"}
{"_id":{"$oid":"6aa507cc37068c6245ecf871"},"name":"Malook Nagar(17th Lok Sabha)","house":"Lok Sabha","state":"Uttar Pradesh","constituency":"BIJNOR"}
{"_id":{"$oid":"6aa507cc37068c6245ecf872"},"name":"Maneka Sanjay Gandhi","house":"Lok Sabha","state":"Uttar Pradesh","constituency":"SULTANPUR"}
{"_id":{"$oid":"6aa507cc37068c6245ecf873"},"name":"Manickam Tagore B(17th Lok Sabha)","house":"Lok Sabha","state":"Tamil Nadu","constituency":"VIRUDHUNAGAR"}
{"_id":{"$oid":"6aa507cc37068c6245ecf874"},"name":"Manish Tewari(17th Lok Sabha)","house":"Lok Sabha","state":"Punjab","constituency":"ANANDPUR SAHIB"}
{"_id":{"$oid":"6aa507cc37068c6245ecf875"},"name":"Manne Srinivas Reddy(17th Lok Sabha)","house":"Lok Sabha","state":"Telangana","constituency":"MAHABUBNAGAR"}
{"_id":{"$oid":"6aa507cc37068c6245ecf876"},"name":"Manoj Rajoria(17th Lok Sabha)","house":"Lok Sabha","state":"Rajasthan","constituency":"KARAULI-DHOLPUR"}
{"_id":{"$oid":"6aa507cc37068c6245ecf877"},"name":"Manoj Tiwari (17th Lok Sabha)","house":"Lok Sabha","state":"Delhi","constituency":"NORTH EAST DELHI"}
{"_id":{"$oid":"6aa507cc37068c6245ecf878"},"name":"Maulana Ajmal Badruddin","house":"Lok Sabha","state":"Assam","constituency":"DHUBRI"}
{"_id":{"$oid":"6aa507cc37068c6245ecf879"},"name":"Meenakshi Lekhi (17th Lok Sabha)","house":"Lok Sabha","state":"Delhi","constituency":"NEW DELHI"}
{"_id":{"$oid":"6aa507cc37068c6245ecf87a"},"name":"MK Vishnu Prasad(17th Lok Sabha)","house":"Lok Sabha","state":"Tamil Nadu","constituency":"ARANI"}
{"_id":{"$oid":"6aa507cc37068c6245ecf87b"},"name":"Mohammad Akbar Lone","house":"Lok Sabha","state":"Jammu And Kashmir","constituency":"BARAMULLAH"}
{"_id":{"$oid":"6aa507cc37068c6245ecf87c"},"name":"Mohammad Sadique(17th Lok Sabha)","house":"Lok Sabha","state":"Punjab","constituency":"FARIDKOT"}
{"_id":{"$oid":"6aa507cc37068c6245ecf87d"},"name":"Mohan Mandavi","house":"Lok Sabha","state":"Chhattisgarh","constituency":"KANKER"}
{"_id":{"$oid":"6aa507cc37068c6245ecf87e"},"name":"Ms Bhavana Gawali (Patil)(17th Lok Sabha)","house":"Lok Sabha","state":"Maharashtra","constituency":"YAVATMAL-WASHIM"}
{"_id":{"$oid":"6aa507cc37068c6245ecf87f"},"name":"Ms Chandrani Murmu(17th Lok Sabha)","house":"Lok Sabha","state":"Odisha","constituency":"KEONJHAR"}
{"_id":{"$oid":"6aa507cc37068c6245ecf880"},"name":"Ms Debasree Chaudhuri(17th Lok Sabha)","house":"Lok Sabha","state":"West Bengal","constituency":"RAIGANJ"}
{"_id":{"$oid":"6aa507cc37068c6245ecf881"},"name":"Ms Mahua Moitra(17th Lok Sabha)","house":"Lok Sabha","state":"West Bengal","constituency":"KRISHNANAGAR"}
{"_id":{"$oid":"6aa507cc37068c6245ecf882"},"name":"Ms Mimi Chakraborty (17th Lok Sabha)","house":"Lok Sabha","state":"West Bengal","constituency":"JADAVPUR"}
{"_id":{"$oid":"6aa507cc37068c6245ecf883"},"name":"Ms Nusrat Jahan Ruhi (17th Lok Sabha)","house":"Lok Sabha","state":"West Bengal","constituency":"BASIRHAT"}
{"_id":{"$oid":"6aa507cc37068c6245ecf884"},"name":"Ms Pratima Bhoumik(17th Lok Sabha)","house":"Lok Sabha","state":"Tripura","constituency":"TRIPURA WEST"}
{"_id":{"$oid":"6aa507cc37068c6245ecf885"},"name":"Mukesh Rajput(17th Lok Sabha)","house":"Lok Sabha","state":"Uttar Pradesh","constituency":"FARRUKHABAD"}
{"_id":{"$oid":"6aa507cc37068c6245ecf886"},"name":"Mulayam Singh Yadav (17LS)","house":"Lok Sabha","state":"Uttar Pradesh","constituency":"MAINPURI"}
{"_id":{"$oid":"6aa507cc37068c6245ecf887"},"name":"MVVV Satyanarayana","house":"Lok Sabha","state":"Andhra Pradesh","constituency":"VISAKHAPATNAM"}
{"_id":{"$oid":"6aa507cc37068c6245ecf888"},"name":"Nakul K Nath","house":"Lok Sabha","state":"Madhya Pradesh","constituency":"CHHINDWARA"}
{"_id":{"$oid":"6aa507cc37068c6245ecf889"},"name":"Nama Nageswara Rao(17th Lok Sabha)","house":"Lok Sabha","state":"Telangana","constituency":"KHAMMAM"}
{"_id":{"$oid":"6aa507cc37068c6245ecf88a"},"name":"Nandigam Suresh","house":"Lok Sabha","state":"Andhra Pradesh","constituency":"BAPATLA"}
{"_id":{"$oid":"6aa507cc37068c6245ecf88b"},"name":"Naranbhai Bhikhabhai Kachhadiya","house":"Lok Sabha","state":"Gujarat","constituency":"AMRELI"}
{"_id":{"$oid":"6aa507cc37068c6245ecf88c"},"name":"Narayana Swamy Abbaiah(17th Lok Sabha)","house":"Lok Sabha","state":"Karnataka","constituency":"CHITRADURGA"}
{"_id":{"$oid":"6aa507cc37068c6245ecf88d"},"name":"Narendra Kumar(17th Lok Sabha)","house":"Lok Sabha","state":"Rajasthan","constituency":"JHUNJHUNU"}
{"_id":{"$oid":"6aa507cc37068c6245ecf88e"},"name":"Narendra Singh Tomar(17th Lok Sabha)","house":"Lok Sabha","state":"Madhya Pradesh","constituency":"MORENA"}
{"_id":{"$oid":"6aa507cc37068c6245ecf88f"},"name":"Nayab Singh","house":"Lok Sabha","state":"Haryana","constituency":"KURUKSHETRA"}
{"_id":{"$oid":"6aa507cc37068c6245ecf890"},"name":"Nihal Chand Chauhan(17th Lok Sabha)","house":"Lok Sabha","state":"Rajasthan","constituency":"GANGANAGAR"}
{"_id":{"$oid":"6aa507cc37068c6245ecf891"},"name":"Niranjan Jyoti(17th Lok Sabha)","house":"Lok Sabha","state":"Uttar Pradesh","constituency":"FATEHPUR"}
{"_id":{"$oid":"6aa507cc37068c6245ecf892"},"name":"Nisith Pramanik","house":"Lok Sabha","state":"West Bengal","constituency":"COOCHBEHAR"}
{"_id":{"$oid":"6aa507cc37068c6245ecf893"},"name":"Nitesh Ganga Deb(17th Lok Sabha)","house":"Lok Sabha","state":"Odisha","constituency":"SAMBALPUR"}
{"_id":{"$oid":"6aa507cc37068c6245ecf894"},"name":"Nitin Jairam Gadkari(17th Lok Sabha)","house":"Lok Sabha","state":"Maharashtra","constituency":"NAGPUR"}
{"_id":{"$oid":"6aa507cc37068c6245ecf895"},"name":"Nityanand Rai (17th Lok Sabha)","house":"Lok Sabha","state":"Bihar","constituency":"UJJARPUR"}
{"_id":{"$oid":"6aa507cc37068c6245ecf896"},"name":"Om Birla(17th Lok Sabha)","house":"Lok Sabha","state":"Rajasthan","constituency":"KOTA"}
{"_id":{"$oid":"6aa507cc37068c6245ecf897"},"name":"Omprakash Bhupalsinh Alias Pawan Rajenimbalkar(17th Lok Sabha)","house":"Lok Sabha","state":"Maharashtra","constituency":"OSMANABAD"}
{"_id":{"$oid":"6aa507cc37068c6245ecf898"},"name":"P C Mohan (17thLok Sabha)","house":"Lok Sabha","state":"Karnataka","constituency":"BANGALORE CENTRAL"}
{"_id":{"$oid":"6aa507cc37068c6245ecf899"},"name":"P Raveendranath Kumar(17th Lok Sabha)","house":"Lok Sabha","state":"Tamil Nadu","constituency":"THENI"}
{"_id":{"$oid":"6aa507cc37068c6245ecf89a"},"name":"P Velusamy(17th Lok Sabha)","house":"Lok Sabha","state":"Tamil Nadu","constituency":"DINDIGUL"}
{"_id":{"$oid":"6aa507cc37068c6245ecf89b"},"name":"Pakauri Lal(17th Lok Sabha)","house":"Lok Sabha","state":"Uttar Pradesh","constituency":"ROBERTSGANJ"}
{"_id":{"$oid":"6aa507cc37068c6245ecf89c"},"name":"Pallab Lochan Das","house":"Lok Sabha","state":"Assam","constituency":"Sonitpur"}
{"_id":{"$oid":"6aa507cc37068c6245ecf89d"},"name":"Pankaj Chaudhary(17th Lok Sabha)","house":"Lok Sabha","state":"Uttar Pradesh","constituency":"MAHARAJGANJ"}
{"_id":{"$oid":"6aa507cc37068c6245ecf89e"},"name":"Parbatbhai Savabhai Patel","house":"Lok Sabha","state":"Gujarat","constituency":"BANASKANTHA"}
{"_id":{"$oid":"6aa507cc37068c6245ecf89f"},"name":"Parvatagouda Chandanagouda Gaddigoudar(17th Lok Sabha)","house":"Lok Sabha","state":"Karnataka","constituency":"BAGALKOT"}
{"_id":{"$oid":"6aa507cc37068c6245ecf8a0"},"name":"Parvesh Sahib Singh (17th Lok Sabha)","house":"Lok Sabha","state":"Delhi","constituency":"WEST DELHI"}
{"_id":{"$oid":"6aa507cc37068c6245ecf8a1"},"name":"Pashupati Kumar Paras","house":"Lok Sabha","state":"Bihar","constituency":"HAJIPUR"}
{"_id":{"$oid":"6aa507cc37068c6245ecf8a2"},"name":"Pashupati Nath Singh","house":"Lok Sabha","state":"Jharkhand","constituency":"DHANBAD"}
{"_id":{"$oid":"6aa507cc37068c6245ecf8a3"},"name":"Pinaki Misra(17th Lok Sabha)","house":"Lok Sabha","state":"Odisha","constituency":"PURI"}
{"_id":{"$oid":"6aa507cc37068c6245ecf8a4"},"name":"Pocha Brahmananda Reddy","house":"Lok Sabha","state":"Andhra Pradesh","constituency":"NANDYAL"}
{"_id":{"$oid":"6aa507cc37068c6245ecf8a5"},"name":"PR Natarajan(17TH Lok Sabha)","house":"Lok Sabha","state":"Tamil Nadu","constituency":"COIMBATORE"}
{"_id":{"$oid":"6aa507cc37068c6245ecf8a6"},"name":"Pradeep Kumar Chaudhary(17th Lok Sabha)","house":"Lok Sabha","state":"Uttar Pradesh","constituency":"KAIRANA"}
{"_id":{"$oid":"6aa507cc37068c6245ecf8a7"},"name":"Prahlad Singh Patel(17th Lok Sabha)","house":"Lok Sabha","state":"Madhya Pradesh","constituency":"DAMOH"}
{"_id":{"$oid":"6aa507cc37068c6245ecf8a8"},"name":"Prajwal Revanna(17th Lok Sabha)","house":"Lok Sabha","state":"Karnataka","constituency":"HASSAN"}
{"_id":{"$oid":"6aa507cc37068c6245ecf8a9"},"name":"Pralhad Venkatesh Joshi(17th Lok Sabha)","house":"Lok Sabha","state":"Karnataka","constituency":"DHARWAD"}
{"_id":{"$oid":"6aa507cc37068c6245ecf8aa"},"name":"Prasun Banerjee(17th Lok Sabha)","house":"Lok Sabha","state":"West Bengal","constituency":"HOWRAH"}
{"_id":{"$oid":"6aa507cc37068c6245ecf8ab"},"name":"Prataprao Govindrao Patil Chikhalikar(17th Lok Sabha)","house":"Lok Sabha","state":"Maharashtra","constituency":"NANDED"}
{"_id":{"$oid":"6aa507cc37068c6245ecf8ac"},"name":"Prataprao Jadhav(17th Lok Sabha)","house":"Lok Sabha","state":"Maharashtra","constituency":"BULDHANA"}
{"_id":{"$oid":"6aa507cc37068c6245ecf8ad"},"name":"Prathap Simha(17th Lok Sabha)","house":"Lok Sabha","state":"Karnataka","constituency":"MYSORE"}
{"_id":{"$oid":"6aa507cc37068c6245ecf8ae"},"name":"Pratima Mondal","house":"Lok Sabha","state":"West Bengal","constituency":"JOYNAGAR"}
{"_id":{"$oid":"6aa507cc37068c6245ecf8af"},"name":"Praveen Kumar Nishad(17th Lok Sabha)","house":"Lok Sabha","state":"Uttar Pradesh","constituency":"SANT KABIR NAGAR"}
{"_id":{"$oid":"6aa507cc37068c6245ecf8b0"},"name":"Pritam Gopinath Munde(17th Lok Sabha)","house":"Lok Sabha","state":"Maharashtra","constituency":"BEED"}
{"_id":{"$oid":"6aa507cc37068c6245ecf8b1"},"name":"Prof Ram Shankar Katheria(17th Lok Sabha)","house":"Lok Sabha","state":"Uttar Pradesh","constituency":"ETAWAH"}
{"_id":{"$oid":"6aa507cc37068c6245ecf8b2"},"name":"Prof Rita Bahuguna Joshi(17th Lok Sabha)","house":"Lok Sabha","state":"Uttar Pradesh","constituency":"ALLAHABAD"}
{"_id":{"$oid":"6aa507cc37068c6245ecf8b3"},"name":"Prof Saugata Roy (17th Lok Sabha)","house":"Lok Sabha","state":"West Bengal","constituency":"DUM DUM"}
{"_id":{"$oid":"6aa507cc37068c6245ecf8b4"},"name":"Prof SP Singh Baghel (17th Lok Sabha)","house":"Lok Sabha","state":"Uttar Pradesh","constituency":"AGRA"}
{"_id":{"$oid":"6aa507cc37068c6245ecf8b5"},"name":"Queen Oja","house":"Lok Sabha","state":"Assam","constituency":"GUWAHATI"}
{"_id":{"$oid":"6aa507cc37068c6245ecf8b6"},"name":"Raghu Ramakrishna Raju Kanumuru","house":"Lok Sabha","state":"Andhra Pradesh","constituency":"NARASAPURAM"}
{"_id":{"$oid":"6aa507cc37068c6245ecf8b7"},"name":"Rahul Gandhi (17th Lok Sabha)","house":"Lok Sabha","state":"Kerala","constituency":"WAYANAD"}
{"_id":{"$oid":"6aa507cc37068c6245ecf8b8"},"name":"Rahul Kaswan(17th Lok Sabha)","house":"Lok Sabha","state":"Rajasthan","constituency":"CHURU"}
{"_id":{"$oid":"6aa507cc37068c6245ecf8b9"},"name":"Rahul Ramesh Shewale (17th Lok Sabha)","house":"Lok Sabha","state":"Maharashtra","constituency":"MUMBAI SOUTH CENTRAL"}
{"_id":{"$oid":"6aa507cc37068c6245ecf8ba"},"name":"Raj Kumar Singh","house":"Lok Sabha","state":"Bihar","constituency":"ARRAH"}
{"_id":{"$oid":"6aa507cc37068c6245ecf8bb"},"name":"Raja Amareshwara Naik(17th Lok Sabha)","house":"Lok Sabha","state":"Karnataka","constituency":"RAICHUR"}
{"_id":{"$oid":"6aa507cc37068c6245ecf8bc"},"name":"Rajan Baburao Vichare(17th Lok Sabha)","house":"Lok Sabha","state":"Maharashtra","constituency":"THANE"}
{"_id":{"$oid":"6aa507cc37068c6245ecf8bd"},"name":"Rajbahadur Singh(17th Lok Sabha)","house":"Lok Sabha","state":"Madhya Pradesh","constituency":"SAGAR"}
{"_id":{"$oid":"6aa507cc37068c6245ecf8be"},"name":"Rajdeep Roy","house":"Lok Sabha","state":"Assam","constituency":"SILCHAR"}
{"_id":{"$oid":"6aa507cc37068c6245ecf8bf"},"name":"Rajendra Dhedya Gavit(17th Lok Sabha)","house":"Lok Sabha","state":"Maharashtra","constituency":"PALGHAR"}
{"_id":{"$oid":"6aa507cc37068c6245ecf8c0"},"name":"Rajesh Verma","house":"Lok Sabha","state":"Uttar Pradesh","constituency":"SITAPUR"}
{"_id":{"$oid":"6aa507cc37068c6245ecf8c1"},"name":"Rajkumar Chahar (17th Lok Sabha)","house":"Lok Sabha","state":"Uttar Pradesh","constituency":"FATEHPUR SIKRI"}
{"_id":{"$oid":"6aa507cc37068c6245ecf8c2"},"name":"Rajnath Singh(17th Lok Sabha)","house":"Lok Sabha","state":"Uttar Pradesh","constituency":"LUCKNOW"}
{"_id":{"$oid":"6aa507cc37068c6245ecf8c3"},"name":"Raju Bista(17th Lok Sabha)","house":"Lok Sabha","state":"West Bengal","constituency":"DARJEELING"}
{"_id":{"$oid":"6aa507cc37068c6245ecf8c4"},"name":"Rajveer Raju Bhaiya Singh","house":"Lok Sabha","state":"Uttar Pradesh","constituency":"ETAH"}
{"_id":{"$oid":"6aa507cc37068c6245ecf8c5"},"name":"Rajvir Diler","house":"Lok Sabha","state":"Uttar Pradesh","constituency":"HATHRAS"}
{"_id":{"$oid":"6aa507cc37068c6245ecf8c6"},"name":"Rajyavardhan Singh Rathore(17th Lok Sabha)","house":"Lok Sabha","state":"Rajasthan","constituency":"JAIPUR RURAL"}
{"_id":{"$oid":"6aa507cc37068c6245ecf8c7"},"name":"Rakesh Singh(17th Lok Sabha)","house":"Lok Sabha","state":"Madhya Pradesh","constituency":"JABALPUR"}
{"_id":{"$oid":"6aa507cc37068c6245ecf8c8"},"name":"Ram Kripal Yadav","house":"Lok Sabha","state":"Bihar","constituency":"PATALIPUTRA"}
{"_id":{"$oid":"6aa507cc37068c6245ecf8c9"},"name":"Ram Shiromani(17th Lok Sabha)","house":"Lok Sabha","state":"Uttar Pradesh","constituency":"SHRAWASTI"}
{"_id":{"$oid":"6aa507cc37068c6245ecf8ca"},"name":"Ramakant Bhargava(17th Lok Sabha)","house":"Lok Sabha","state":"Madhya Pradesh","constituency":"VIDISHA"}
{"_id":{"$oid":"6aa507cc37068c6245ecf8cb"},"name":"Ramapati Ram Tripathi(17th Lok Sabha)","house":"Lok Sabha","state":"Uttar Pradesh","constituency":"DEORIA"}
{"_id":{"$oid":"6aa507cc37068c6245ecf8cc"},"name":"Ramcharan Bohra(17th Lok Sabha)","house":"Lok Sabha","state":"Rajasthan","constituency":"JAIPUR"}
{"_id":{"$oid":"6aa507cc37068c6245ecf8cd"},"name":"Ramdas Chandrabhanji Tadas(17th Lok Sabha)","house":"Lok Sabha","state":"Maharashtra","constituency":"WARDHA"}
{"_id":{"$oid":"6aa507cc37068c6245ecf8ce"},"name":"Ramesh Bidhuri (17th Lok Sabha)","house":"Lok Sabha","state":"Delhi","constituency":"SOUTH DELHI"}
{"_id":{"$oid":"6aa507cc37068c6245ecf8cf"},"name":"Ramesh Chand Bind(17th Lok Sabha)","house":"Lok Sabha","state":"Uttar Pradesh","constituency":"BHADOHI"}
{"_id":{"$oid":"6aa507cc37068c6245ecf8d0"},"name":"Ramesh Chandappa Jigajinagi(17th Lok Sabha)","house":"Lok Sabha","state":"Karnataka","constituency":"BIJAPUR"}
{"_id":{"$oid":"6aa507cc37068c6245ecf8d1"},"name":"Ramesh Chander Kaushik","house":"Lok Sabha","state":"Haryana","constituency":"SONEPAT"}
{"_id":{"$oid":"6aa507cc37068c6245ecf8d2"},"name":"Ramesh Chandra Majhi(17th Lok Sabha)","house":"Lok Sabha","state":"Odisha","constituency":"NABARANGPUR"}
{"_id":{"$oid":"6aa507cc37068c6245ecf8d3"},"name":"Ramesh Pokhriyal Nishank(17th Lok Sabha)","house":"Lok Sabha","state":"Uttarakhand","constituency":"HARDWAR"}
{"_id":{"$oid":"6aa507cc37068c6245ecf8d4"},"name":"Ramulu Pothuganti(17th Lok Sabha)","house":"Lok Sabha","state":"Telangana","constituency":"NAGARKURNOOL"}
{"_id":{"$oid":"6aa507cc37068c6245ecf8d5"},"name":"Ranjan Singh Rajkumar(17th Lok Sabha)","house":"Lok Sabha","state":"Manipur","constituency":"INNER MANIPUR"}
{"_id":{"$oid":"6aa507cc37068c6245ecf8d6"},"name":"Ranjeetsinha Hindurao Naik Nimbalkar","house":"Lok Sabha","state":"Maharashtra","constituency":"MADHA"}
{"_id":{"$oid":"6aa507cc37068c6245ecf8d7"},"name":"Raosaheb Patil Danve","house":"Lok Sabha","state":"Maharashtra","constituency":"JALNA"}
{"_id":{"$oid":"6aa507cc37068c6245ecf8d8"},"name":"Ratansinh Magansinh Rathod","house":"Lok Sabha","state":"Gujarat","constituency":"PANCHMAHAL"}
{"_id":{"$oid":"6aa507cc37068c6245ecf8d9"},"name":"Rattan Lal Kataria","house":"Lok Sabha","state":"Haryana","constituency":"AMBALA"}
{"_id":{"$oid":"6aa507cc37068c6245ecf8da"},"name":"Ravindra Kushawaha(17th Lok Sabha)","house":"Lok Sabha","state":"Uttar Pradesh","constituency":"SALEMPUR"}
{"_id":{"$oid":"6aa507cc37068c6245ecf8db"},"name":"Ravindra Shyamnarayan Alias Ravi Kishan Shukla(17th Lok Sabha)","house":"Lok Sabha","state":"Uttar Pradesh","constituency":"GORAKHPUR"}
{"_id":{"$oid":"6aa507cc37068c6245ecf8dc"},"name":"Ravneet Singh(17th Lok Sabha)","house":"Lok Sabha","state":"Punjab","constituency":"LUDHIANA"}
{"_id":{"$oid":"6aa507cc37068c6245ecf8dd"},"name":"Rebati Tripura","house":"Lok Sabha","state":"Tripura","constituency":"TRIPURA EAST"}
{"_id":{"$oid":"6aa507cc37068c6245ecf8de"},"name":"RK Singh Patel(17th Lok Sabha)","house":"Lok Sabha","state":"Uttar Pradesh","constituency":"BANDA"}
{"_id":{"$oid":"6aa507cc37068c6245ecf8df"},"name":"Rodmal Nagar","house":"Lok Sabha","state":"Madhya Pradesh","constituency":"RAJGARH"}
{"_id":{"$oid":"6aa507cc37068c6245ecf8e0"},"name":"S Gnanathiraviam(17th Lok Sabha)","house":"Lok Sabha","state":"Tamil Nadu","constituency":"TIRUNELVELI"}
{"_id":{"$oid":"6aa507cc37068c6245ecf8e1"},"name":"S Muniswamy(17th Lok Sabha)","house":"Lok Sabha","state":"Karnataka","constituency":"KOLAR"}
{"_id":{"$oid":"6aa507cc37068c6245ecf8e2"},"name":"S Ramalingam","house":"Lok Sabha","state":"Tamil Nadu","constituency":"MAYILADUTHURAI"}
{"_id":{"$oid":"6aa507cc37068c6245ecf8e3"},"name":"S Venkatesan(17th Lok Sabha)","house":"Lok Sabha","state":"Tamil Nadu","constituency":"MADURAI"}
{"_id":{"$oid":"6aa507cc37068c6245ecf8e4"},"name":"S.S. Palanimanickam (17th Lok Sabha)","house":"Lok Sabha","state":"Tamil Nadu","constituency":"THANJAVUR"}
{"_id":{"$oid":"6aa507cc37068c6245ecf8e5"},"name":"Sadashiv Kisan Lokhande","house":"Lok Sabha","state":"Maharashtra","constituency":"SHIRDI"}
{"_id":{"$oid":"6aa507cc37068c6245ecf8e6"},"name":"Sadhvi Pragya Singh Thakur (17th Lok Sabha)","house":"Lok Sabha","state":"Madhya Pradesh","constituency":"BHOPAL"}
{"_id":{"$oid":"6aa507cc37068c6245ecf8e7"},"name":"Sangam Lal Gupta(17th Lok Sabha)","house":"Lok Sabha","state":"Uttar Pradesh","constituency":"PRATAPGARH"}
{"_id":{"$oid":"6aa507cc37068c6245ecf8e8"},"name":"Sanganna Amarappa Karadi(17th Lok Sabha)","house":"Lok Sabha","state":"Karnataka","constituency":"KOPPAL"}
{"_id":{"$oid":"6aa507cc37068c6245ecf8e9"},"name":"Sangeeta Azad","house":"Lok Sabha","state":"Uttar Pradesh","constituency":"LALGANJ"}
{"_id":{"$oid":"6aa507cc37068c6245ecf8ea"},"name":"Sanghamitra Maurya(17th Lok Sabha)","house":"Lok Sabha","state":"Uttar Pradesh","constituency":"BADAUN"}
{"_id":{"$oid":"6aa507cc37068c6245ecf8eb"},"name":"Sanjay Bhatia","house":"Lok Sabha","state":"Haryana","constituency":"KARNAL"}
{"_id":{"$oid":"6aa507cc37068c6245ecf8ec"},"name":"Sanjay Haribhau Jadhav(17th Lok Sabha)","house":"Lok Sabha","state":"Maharashtra","constituency":"PARBHANI"}
{"_id":{"$oid":"6aa507cc37068c6245ecf8ed"},"name":"Sanjay Kumar Bandi(17th Lok Sabha)","house":"Lok Sabha","state":"Telangana","constituency":"KARIMNAGAR"}
{"_id":{"$oid":"6aa507cc37068c6245ecf8ee"},"name":"Sanjay Sadashivrao Mandlik(17th Lok Sabha)","house":"Lok Sabha","state":"Maharashtra","constituency":"KOLHAPUR"}
{"_id":{"$oid":"6aa507cc37068c6245ecf8ef"},"name":"Sanjay Seth","house":"Lok Sabha","state":"Jharkhand","constituency":"RANCHI"}
{"_id":{"$oid":"6aa507cc37068c6245ecf8f0"},"name":"Sanjay Shamrao Dhotre(17th Lok Sabha)","house":"Lok Sabha","state":"Maharashtra","constituency":"AKOLA"}
{"_id":{"$oid":"6aa507cc37068c6245ecf8f1"},"name":"Sanjay(Kaka) Ramchandra Patil(17th Lok Sabha)","house":"Lok Sabha","state":"Maharashtra","constituency":"SANGLI"}
{"_id":{"$oid":"6aa507cc37068c6245ecf8f2"},"name":"Sanjeev Kumar Balyan(17th Lok Sabha)","house":"Lok Sabha","state":"Uttar Pradesh","constituency":"MUZAFFARNAGAR"}
{"_id":{"$oid":"6aa507cc37068c6245ecf8f3"},"name":"Santosh Kumar","house":"Lok Sabha","state":"Bihar","constituency":"PURNEA"}
{"_id":{"$oid":"6aa507cc37068c6245ecf8f4"},"name":"Santosh Kumar Gangwar(17th Lok Sabha)","house":"Lok Sabha","state":"Uttar Pradesh","constituency":"BAREILLY"}
{"_id":{"$oid":"6aa507cc37068c6245ecf8f5"},"name":"Sardar Simranjit Singh Mann (17th Lok Sabha)","house":"Lok Sabha","state":"Punjab","constituency":"SANGRUR"}
{"_id":{"$oid":"6aa507cc37068c6245ecf8f6"},"name":"Satya Pal Singh(17TH Lok Sabha)","house":"Lok Sabha","state":"Uttar Pradesh","constituency":"BAGHPAT"}
{"_id":{"$oid":"6aa507cc37068c6245ecf8f7"},"name":"Satyadev Pachauri(17th Lok Sabha)","house":"Lok Sabha","state":"Uttar Pradesh","constituency":"KANPUR"}
{"_id":{"$oid":"6aa507cc37068c6245ecf8f8"},"name":"Saumitra khan","house":"Lok Sabha","state":"West Bengal","constituency":"BISHNUPUR"}
{"_id":{"$oid":"6aa507cc37068c6245ecf8f9"},"name":"Seyed Tufail Hasan","house":"Lok Sabha","state":"Uttar Pradesh","constituency":"MORADABAD"}
{"_id":{"$oid":"6aa507cc37068c6245ecf8fa"},"name":"Sh Teli Rameswar","house":"Lok Sabha","state":"Assam","constituency":"DIBRUGARH"}
{"_id":{"$oid":"6aa507cc37068c6245ecf8fb"},"name":"Shankar Lalwani(17th Lok Sabha)","house":"Lok Sabha","state":"Madhya Pradesh","constituency":"INDORE"}
{"_id":{"$oid":"6aa507cc37068c6245ecf8fc"},"name":"Shatrughan Sinha(17th Lok Sabha)","house":"Lok Sabha","state":"West Bengal","constituency":"ASANSOL"}
{"_id":{"$oid":"6aa507cc37068c6245ecf8fd"},"name":"Shivkumar Chanabasappa Udasi(17th Lok Sabha)","house":"Lok Sabha","state":"Karnataka","constituency":"HAVERI"}
{"_id":{"$oid":"6aa507cc37068c6245ecf8fe"},"name":"Shri  Dharambir Singh (17th Lok Sabha)","house":"Lok Sabha","state":"Haryana","constituency":"BHIWANI MAHENDRAGARH"}
{"_id":{"$oid":"6aa507cc37068c6245ecf8ff"},"name":"Shri  Prince Raj (17th Lok Sabha)","house":"Lok Sabha","state":"Bihar","constituency":"SAMASTIPUR"}
{"_id":{"$oid":"6aa507cc37068c6245ecf900"},"name":"Shri  Tokheho (17th Lok Sabha)","house":"Lok Sabha","state":"Nagaland","constituency":"NAGALAND"}
{"_id":{"$oid":"6aa507cc37068c6245ecf901"},"name":"Shri Abdul Khaleque (17th Lok Sabha)","house":"Lok Sabha","state":"Assam","constituency":"BARPETA"}
{"_id":{"$oid":"6aa507cc37068c6245ecf902"},"name":"Shri Abhishek Banerjee (17th Lok Sabha)","house":"Lok Sabha","state":"West Bengal","constituency":"DIAMOND HARBOUR"}
{"_id":{"$oid":"6aa507cc37068c6245ecf903"},"name":"Shri Abu Hasem Khan Choudhury (17th Lok Sabha)","house":"Lok Sabha","state":"West Bengal","constituency":"MALDAHA DAKSHIN"}
{"_id":{"$oid":"6aa507cc37068c6245ecf904"},"name":"Shri Ajay (Teni) Misra (17th Lok Sabha)","house":"Lok Sabha","state":"Uttar Pradesh","constituency":"KHERI"}
{"_id":{"$oid":"6aa507cc37068c6245ecf905"},"name":"Shri Akhilesh Yadav (EX17LS)","house":"Lok Sabha","state":"Uttar Pradesh","constituency":"AZAMGARH"}
{"_id":{"$oid":"6aa507cc37068c6245ecf906"},"name":"Shri Amar Singh (17th Lok Sabha)","house":"Lok Sabha","state":"Punjab","constituency":"FATEHGARH SAHIB"}
{"_id":{"$oid":"6aa507cc37068c6245ecf907"},"name":"Shri Anil Firojiya (17th Lok Sabha)","house":"Lok Sabha","state":"Madhya Pradesh","constituency":"UJJAIN"}
{"_id":{"$oid":"6aa507cc37068c6245ecf908"},"name":"Shri Arjun Munda (17th Lok Sabha)","house":"Lok Sabha","state":"Jharkhand","constituency":"KHUNTI"}
{"_id":{"$oid":"6aa507cc37068c6245ecf909"},"name":"Shri Arjun Ram Meghwal (17LS)EX","house":"Lok Sabha","state":"Rajasthan","constituency":"BIKANER"}
{"_id":{"$oid":"6aa507cc37068c6245ecf90a"},"name":"Shri Arjun Singh (17th Lok Sabha)","house":"Lok Sabha","state":"West Bengal","constituency":"BARRACKPUR"}
{"_id":{"$oid":"6aa507cc37068c6245ecf90b"},"name":"Shri Arun Kumar Sagar (17th Lok Sabha)","house":"Lok Sabha","state":"Uttar Pradesh","constituency":"SHAHJAHANPUR"}
{"_id":{"$oid":"6aa507cc37068c6245ecf90c"},"name":"Shri B Y Raghavendra (17th Lok Sabha)","house":"Lok Sabha","state":"Karnataka","constituency":"SHIMOGA"}
{"_id":{"$oid":"6aa507cc37068c6245ecf90d"},"name":"Shri Balubhau Narayanrao (Alias Suresh) Dhanorkar (17LS)","house":"Lok Sabha","state":"Maharashtra","constituency":"CHANDRAPUR"}
{"_id":{"$oid":"6aa507cc37068c6245ecf90e"},"name":"Shri Benny Behanan (17th Lok Sabha)","house":"Lok Sabha","state":"Kerala","constituency":"CHALAKUDY"}
{"_id":{"$oid":"6aa507cc37068c6245ecf90f"},"name":"Shri Bhartruhari Mahtab (17th Lok Sabha)","house":"Lok Sabha","state":"Odisha","constituency":"CUTTACK"}
{"_id":{"$oid":"6aa507cc37068c6245ecf910"},"name":"Shri Chandra Prakash Choudhary (17th Lok Sabha)","house":"Lok Sabha","state":"Jharkhand","constituency":"GIRIDIH"}
{"_id":{"$oid":"6aa507cc37068c6245ecf911"},"name":"Shri Chandra Sekhar Sahu (17th Lok Sabha)","house":"Lok Sabha","state":"Odisha","constituency":"BERHAMPUR"}
{"_id":{"$oid":"6aa507cc37068c6245ecf912"},"name":"Shri Choudhury Mohan Jatua (17th Lok Sabha)","house":"Lok Sabha","state":"West Bengal","constituency":"MATHURAPUR"}
{"_id":{"$oid":"6aa507cc37068c6245ecf913"},"name":"Shri Deepak (Dev) Adhikari (17th Lok Sabha)","house":"Lok Sabha","state":"West Bengal","constituency":"GHATAL"}
{"_id":{"$oid":"6aa507cc37068c6245ecf914"},"name":"Shri Dibyendu Adhikari (17th Lok Sabha)","house":"Lok Sabha","state":"West Bengal","constituency":"TAMLUK"}
{"_id":{"$oid":"6aa507cc37068c6245ecf915"},"name":"Shri Dilip Ghosh (17th Lok Sabha)","house":"Lok Sabha","state":"West Bengal","constituency":"MEDINIPUR"}
{"_id":{"$oid":"6aa507cc37068c6245ecf916"},"name":"Shri Dulal Chandra Goswami (17th Lok Sabha)","house":"Lok Sabha","state":"Bihar","constituency":"KATIHAR"}
{"_id":{"$oid":"6aa507cc37068c6245ecf917"},"name":"Shri DV Sadananda Gowda (17th Lok Sabha)","house":"Lok Sabha","state":"Karnataka","constituency":"BANGALORE NORTH"}
{"_id":{"$oid":"6aa507cc37068c6245ecf918"},"name":"Shri Gajanan Chandrakant Kirtikar (17th Lok Sabha)","house":"Lok Sabha","state":"Maharashtra","constituency":"MUMBAI NORTH WEST"}
{"_id":{"$oid":"6aa507cc37068c6245ecf919"},"name":"Shri Gangasandra Siddappa Basavaraj (17th Lok Sabha)","house":"Lok Sabha","state":"Karnataka","constituency":"TUMKUR"}
{"_id":{"$oid":"6aa507cc37068c6245ecf91a"},"name":"Shri Gautham Sigamani Pon (17th Lok Sabha)","house":"Lok Sabha","state":"Tamil Nadu","constituency":"KALLAKURICHI"}
{"_id":{"$oid":"6aa507cc37068c6245ecf91b"},"name":"Shri Gopal Chinayya Shetty (17th Lok Sabha)","house":"Lok Sabha","state":"Maharashtra","constituency":"MUMBAI NORTH"}
{"_id":{"$oid":"6aa507cc37068c6245ecf91c"},"name":"Shri Gurjeet Singh Aujla (17th Lok Sabha)","house":"Lok Sabha","state":"Punjab","constituency":"AMRITSAR"}
{"_id":{"$oid":"6aa507cc37068c6245ecf91d"},"name":"Shri Haji Fazlur Rehman (17th Lok Sabha)","house":"Lok Sabha","state":"Uttar Pradesh","constituency":"SAHARANPUR"}
{"_id":{"$oid":"6aa507cc37068c6245ecf91e"},"name":"Shri Hanuman Beniwal (17th Lok Sabha)","house":"Lok Sabha","state":"Rajasthan","constituency":"NAGAUR"}
{"_id":{"$oid":"6aa507cc37068c6245ecf91f"},"name":"Shri Harish Dwivedi (17th Lok Sabha)","house":"Lok Sabha","state":"Uttar Pradesh","constituency":"BASTI"}
{"_id":{"$oid":"6aa507cc37068c6245ecf920"},"name":"Shri Hibi Eden (17th Lok Sabha)","house":"Lok Sabha","state":"Kerala","constituency":"ERNAKULAM"}
{"_id":{"$oid":"6aa507cc37068c6245ecf921"},"name":"Shri Jamyang Tsering Namgyal (17th Lok Sabha)","house":"Lok Sabha","state":"Ladakh","constituency":"LADAKH"}
{"_id":{"$oid":"6aa507cc37068c6245ecf922"},"name":"Shri Janardan Singh Sigriwal (17th Lok Sabha)","house":"Lok Sabha","state":"Bihar","constituency":"MAHARAJGANJ"}
{"_id":{"$oid":"6aa507cc37068c6245ecf923"},"name":"Shri Jasbir Singh (17th Lok Sabha)","house":"Lok Sabha","state":"Punjab","constituency":"KHADOOR SAHIB"}
{"_id":{"$oid":"6aa507cc37068c6245ecf924"},"name":"Shri Jayant Sinha (17th Lok Sabha)","house":"Lok Sabha","state":"Jharkhand","constituency":"HAZARIBAGH"}
{"_id":{"$oid":"6aa507cc37068c6245ecf925"},"name":"Shri Jual Oram (17th Lok Sabha)","house":"Lok Sabha","state":"Odisha","constituency":"SUNDARGARH"}
{"_id":{"$oid":"6aa507cc37068c6245ecf926"},"name":"Shri Jugal Kishore Sharma (17th Lok Sabha)","house":"Lok Sabha","state":"Jammu And Kashmir","constituency":"JAMMU"}
{"_id":{"$oid":"6aa507cc37068c6245ecf927"},"name":"Shri Jyotirmay Singh Mahato (17th Lok Sabha)","house":"Lok Sabha","state":"West Bengal","constituency":"PURULIA"}
{"_id":{"$oid":"6aa507cc37068c6245ecf928"},"name":"Shri K Muraleedharan (17th Lok Sabha)","house":"Lok Sabha","state":"Kerala","constituency":"VADAKARA"}
{"_id":{"$oid":"6aa507cc37068c6245ecf929"},"name":"Shri Karti P Chidambaram (17th Lok Sabha)","house":"Lok Sabha","state":"Tamil Nadu","constituency":"SIVAGANGA"}
{"_id":{"$oid":"6aa507cc37068c6245ecf92a"},"name":"Shri Komati Reddy Venkat Reddy (17th Lok Sabha)","house":"Lok Sabha","state":"Telangana","constituency":"BHONGIR"}
{"_id":{"$oid":"6aa507cc37068c6245ecf92b"},"name":"Shri Kumbakudi Sudhakaran (17th Lok Sabha)","house":"Lok Sabha","state":"Kerala","constituency":"KANNUR"}
{"_id":{"$oid":"6aa507cc37068c6245ecf92c"},"name":"Shri Kunar Hembram (17th Lok Sabha)","house":"Lok Sabha","state":"West Bengal","constituency":"JHARGRAM"}
{"_id":{"$oid":"6aa507cc37068c6245ecf92d"},"name":"Shri Kunwar Danish Ali (17th Lok Sabha)","house":"Lok Sabha","state":"Uttar Pradesh","constituency":"AMROHA"}
{"_id":{"$oid":"6aa507cc37068c6245ecf92e"},"name":"Shri Lallu Singh (17th Lok Sabha)","house":"Lok Sabha","state":"Uttar Pradesh","constituency":"FAIZABAD"}
{"_id":{"$oid":"6aa507cc37068c6245ecf92f"},"name":"Shri Lorho S Pfoze (17th Lok Sabha)","house":"Lok Sabha","state":"Manipur","constituency":"OUTER MANIPUR"}
{"_id":{"$oid":"6aa507cc37068c6245ecf930"},"name":"Shri LS Tejasvi Surya (17th Lok Sabha)","house":"Lok Sabha","state":"Karnataka","constituency":"BANGALORE SOUTH"}
{"_id":{"$oid":"6aa507cc37068c6245ecf931"},"name":"Shri M K Raghavan (17th Lok Sabha)","house":"Lok Sabha","state":"Kerala","constituency":"KOZHIKODE"}
{"_id":{"$oid":"6aa507cc37068c6245ecf932"},"name":"Shri Mahesh Sahoo (17th Lok Sabha)","house":"Lok Sabha","state":"Odisha","constituency":"DHENKANAL"}
{"_id":{"$oid":"6aa507cc37068c6245ecf933"},"name":"Shri Manne Srinivas Reddy (17th Lok Sabha)","house":"Lok Sabha","state":"Telangana","constituency":"MAHABUBNAGAR"}
{"_id":{"$oid":"6aa507cc37068c6245ecf934"},"name":"Shri Manoj Kotak Kishorbhai (17th Lok Sabha)","house":"Lok Sabha","state":"Maharashtra","constituency":"MUMBAI NORTH EAST"}
{"_id":{"$oid":"6aa507cc37068c6245ecf935"},"name":"Shri Margani Bharat (17th Lok Sabha)","house":"Lok Sabha","state":"Andhra Pradesh","constituency":"RAJAHMUNDRY"}
{"_id":{"$oid":"6aa507cc37068c6245ecf936"},"name":"Shri Mohanbhai Kalyanji Kundariya (17th Lok Sabha)","house":"Lok Sabha","state":"Gujarat","constituency":"RAJKOT"}
{"_id":{"$oid":"6aa507cc37068c6245ecf937"},"name":"Shri N Reddeppa (17th Lok Sabha)","house":"Lok Sabha","state":"Andhra Pradesh","constituency":"CHITTOOR"}
{"_id":{"$oid":"6aa507cc37068c6245ecf938"},"name":"Shri Naba (Hira) Kumar Sarania (17th Lok Sabha)","house":"Lok Sabha","state":"Assam","constituency":"KOKRAJHAR"}
{"_id":{"$oid":"6aa507cc37068c6245ecf939"},"name":"Shri Nalin Kumar Kateel (17th Lok Sabha)","house":"Lok Sabha","state":"Karnataka","constituency":"DAKSHINA KANNADA"}
{"_id":{"$oid":"6aa507cc37068c6245ecf93a"},"name":"Shri Narendra Modi (17th Lok Sabha)","house":"Lok Sabha","state":"Uttar Pradesh","constituency":"VARANASI"}
{"_id":{"$oid":"6aa507cc37068c6245ecf93b"},"name":"Shri NK Premachandran (17th Lok Sabha)","house":"Lok Sabha","state":"Kerala","constituency":"KOLLAM"}
{"_id":{"$oid":"6aa507cc37068c6245ecf93c"},"name":"Shri PP Chaudhary (17th Lok Sabha)","house":"Lok Sabha","state":"Rajasthan","constituency":"PALI"}
{"_id":{"$oid":"6aa507cc37068c6245ecf93d"},"name":"Shri Rajendra Agrawal (17th Lok Sabha)","house":"Lok Sabha","state":"Uttar Pradesh","constituency":"MEERUT"}
{"_id":{"$oid":"6aa507cc37068c6245ecf93e"},"name":"Shri Rajeshbhai Naranbhai Chudasama (17th Lok Sabha)","house":"Lok Sabha","state":"Gujarat","constituency":"JUNAGADH"}
{"_id":{"$oid":"6aa507cc37068c6245ecf93f"},"name":"Shri Rajmohan Unnithan (17th Lok Sabha)","house":"Lok Sabha","state":"Kerala","constituency":"KASARAGOD"}
{"_id":{"$oid":"6aa507cc37068c6245ecf940"},"name":"Shri Rameshbhai Lavjibhai Dhaduk (17th Lok Sabha)","house":"Lok Sabha","state":"Gujarat","constituency":"PORBANDAR"}
{"_id":{"$oid":"6aa507cc37068c6245ecf941"},"name":"Shri Ritesh Pandey (17th Lok Sabha)","house":"Lok Sabha","state":"Uttar Pradesh","constituency":"AMBEDKAR NAGAR"}
{"_id":{"$oid":"6aa507cc37068c6245ecf942"},"name":"Shri Satish Kumar Gautam (17th Lok Sabha)","house":"Lok Sabha","state":"Uttar Pradesh","constituency":"ALIGARH"}
{"_id":{"$oid":"6aa507cc37068c6245ecf943"},"name":"Shri Shafiqur Rahman Barq (17th Lok Sabha)","house":"Lok Sabha","state":"Uttar Pradesh","constituency":"SAMBHAL"}
{"_id":{"$oid":"6aa507cc37068c6245ecf944"},"name":"Shri Shantanu Thakur (17th Lok Sabha)","house":"Lok Sabha","state":"West Bengal","constituency":"BANGAON"}
{"_id":{"$oid":"6aa507cc37068c6245ecf945"},"name":"Shri Sisir Kumar Adhikari (17th Lok Sabha)","house":"Lok Sabha","state":"West Bengal","constituency":"KANTHI"}
{"_id":{"$oid":"6aa507cc37068c6245ecf946"},"name":"Shri Som Prakash (17th Lok Sabha)","house":"Lok Sabha","state":"Punjab","constituency":"HOSHIARPUR"}
{"_id":{"$oid":"6aa507cc37068c6245ecf947"},"name":"Shri SS Ahluwalia (17th Lok Sabha)","house":"Lok Sabha","state":"West Bengal","constituency":"BARDHAMAN-DURGAPUR"}
{"_id":{"$oid":"6aa507cc37068c6245ecf948"},"name":"Shri Subhash Chandra Baheria (17th Lok Sabha)","house":"Lok Sabha","state":"Rajasthan","constituency":"BHILWARA"}
{"_id":{"$oid":"6aa507cc37068c6245ecf949"},"name":"Shri Sudheer Gupta (17th Lok Sabha)","house":"Lok Sabha","state":"Madhya Pradesh","constituency":"MANDSOUR"}
{"_id":{"$oid":"6aa507cc37068c6245ecf94a"},"name":"Shri Sunil Baburao Mendhe (17th Lok Sabha)","house":"Lok Sabha","state":"Maharashtra","constituency":"BHANDARA-GONDIYA"}
{"_id":{"$oid":"6aa507cc37068c6245ecf94b"},"name":"Shri Sunny Deol (17th Lok Sabha)","house":"Lok Sabha","state":"Punjab","constituency":"GURDASPUR"}
{"_id":{"$oid":"6aa507cc37068c6245ecf94c"},"name":"Shri Suresh Kodikunnil (17th Lok Sabha)","house":"Lok Sabha","state":"Kerala","constituency":"MAVELIKKARA"}
{"_id":{"$oid":"6aa507cc37068c6245ecf94d"},"name":"Shri Tapir Gao (17th Lok Sabha)","house":"Lok Sabha","state":"Arunachal Pradesh","constituency":"ARUNACHAL EAST"}
{"_id":{"$oid":"6aa507cc37068c6245ecf94e"},"name":"Shri Thomas Chazhikadan (17th Lok Sabha)","house":"Lok Sabha","state":"Kerala","constituency":"KOTTAYAM"}
{"_id":{"$oid":"6aa507cc37068c6245ecf94f"},"name":"Shri Vinod Kumar Sonkar (17th Lok Sabha)","house":"Lok Sabha","state":"Uttar Pradesh","constituency":"KAUSHAMBI"}
{"_id":{"$oid":"6aa507cc37068c6245ecf950"},"name":"Shrikant Eknath Shinde(17th Lok Sabha)","house":"Lok Sabha","state":"Maharashtra","constituency":"KALYAN"}
{"_id":{"$oid":"6aa507cc37068c6245ecf951"},"name":"Shriniwas Dadasaheb Patil(17th Lok Sabha)","house":"Lok Sabha","state":"Maharashtra","constituency":"SATARA"}
{"_id":{"$oid":"6aa507cc37068c6245ecf952"},"name":"Shrirang Appa Barne(17th Lok Sabha)","house":"Lok Sabha","state":"Maharashtra","constituency":"MAVAL"}
{"_id":{"$oid":"6aa507cc37068c6245ecf953"},"name":"Shyam Singh Yadav (17th Lok Sabha)","house":"Lok Sabha","state":"Uttar Pradesh","constituency":"JAUNPUR"}
{"_id":{"$oid":"6aa507cc37068c6245ecf954"},"name":"Smriti Irani","house":"Lok Sabha","state":"Uttar Pradesh","constituency":"AMETHI"}
{"_id":{"$oid":"6aa507cc37068c6245ecf955"},"name":"Smt Anupriya Patel(17th Lok Sabha)","house":"Lok Sabha","state":"Uttar Pradesh","constituency":"MIRZAPUR"}
{"_id":{"$oid":"6aa507cc37068c6245ecf956"},"name":"Smt Aparajita  Sarangi","house":"Lok Sabha","state":"Odisha","constituency":"BHUBANESWAR"}
{"_id":{"$oid":"6aa507cc37068c6245ecf957"},"name":"Smt Chinta Anuradha","house":"Lok Sabha","state":"Andhra Pradesh","constituency":"AMALAPURAM"}
{"_id":{"$oid":"6aa507cc37068c6245ecf958"},"name":"Smt Darshana Vikram Jardosh","house":"Lok Sabha","state":"Gujarat","constituency":"SURAT"}
{"_id":{"$oid":"6aa507cc37068c6245ecf959"},"name":"Smt Dimple Yadav(17th Lok Sabha)","house":"Lok Sabha","state":"Uttar Pradesh","constituency":"MAINPURI"}
{"_id":{"$oid":"6aa507cc37068c6245ecf95a"},"name":"Smt Gitaben Vajesingbhai Rathva (17th Lok Sabha)","house":"Lok Sabha","state":"Gujarat","constituency":"CHHOTA UDAIPUR"}
{"_id":{"$oid":"6aa507cc37068c6245ecf95b"},"name":"Smt Gomati Sai","house":"Lok Sabha","state":"Chhattisgarh","constituency":"RAIGARH"}
{"_id":{"$oid":"6aa507cc37068c6245ecf95c"},"name":"Smt Harsimrat Kaur Badal(17th Lok Sabha)","house":"Lok Sabha","state":"Punjab","constituency":"BHATINDA"}
{"_id":{"$oid":"6aa507cc37068c6245ecf95d"},"name":"Smt Hema Malini(17th Lok Sabha)","house":"Lok Sabha","state":"Uttar Pradesh","constituency":"MATHURA"}
{"_id":{"$oid":"6aa507cc37068c6245ecf95e"},"name":"Smt Himadri Singh(17th Lok Sabha)","house":"Lok Sabha","state":"Madhya Pradesh","constituency":"SHAHDOL"}
{"_id":{"$oid":"6aa507cc37068c6245ecf95f"},"name":"Smt Jaskaur Meena (17th Lok Sabha)","house":"Lok Sabha","state":"Rajasthan","constituency":"DAUSA"}
{"_id":{"$oid":"6aa507cc37068c6245ecf960"},"name":"Smt Kavita Singh","house":"Lok Sabha","state":"Bihar","constituency":"SIWAN"}
{"_id":{"$oid":"6aa507cc37068c6245ecf961"},"name":"Smt Kavitha Malothu(17th Lok Sabha)","house":"Lok Sabha","state":"Telangana","constituency":"MAHABUBABAD"}
{"_id":{"$oid":"6aa507cc37068c6245ecf962"},"name":"Smt Keshari Devi Patel(17th Lok Sabha)","house":"Lok Sabha","state":"Uttar Pradesh","constituency":"PHULPUR"}
{"_id":{"$oid":"6aa507cc37068c6245ecf963"},"name":"Smt Kirron Kher","house":"Lok Sabha","state":"Chandigarh","constituency":"CHANDIGARH"}
{"_id":{"$oid":"6aa507cc37068c6245ecf964"},"name":"Smt Kumari Diya (17th Lok Sabha)","house":"Lok Sabha","state":"Rajasthan","constituency":"RAJSAMAND"}
{"_id":{"$oid":"6aa507cc37068c6245ecf965"},"name":"Smt Locket Chatterjee (17th Lok Sabha)","house":"Lok Sabha","state":"West Bengal","constituency":"HOOGHLY"}
{"_id":{"$oid":"6aa507cc37068c6245ecf966"},"name":"Smt Mangal Suresh Angadi(17th Lok Sabha)","house":"Lok Sabha","state":"Karnataka","constituency":"BELGAUM"}
{"_id":{"$oid":"6aa507cc37068c6245ecf967"},"name":"Smt Manjulata Mandal(17th Lok Sabha)","house":"Lok Sabha","state":"Odisha","constituency":"BHADRAK"}
{"_id":{"$oid":"6aa507cc37068c6245ecf968"},"name":"Smt Navneet Ravi Rana(17th Lok Sabha)","house":"Lok Sabha","state":"Maharashtra","constituency":"AMRAVATI"}
{"_id":{"$oid":"6aa507cc37068c6245ecf969"},"name":"Smt Poonam Mahajan (17th Lok Sabha)","house":"Lok Sabha","state":"Maharashtra","constituency":"MUMBAI NORTH-CENTRAL"}
{"_id":{"$oid":"6aa507cc37068c6245ecf96a"},"name":"Smt Pramila Bisoyi (17th Lok Sabha)","house":"Lok Sabha","state":"Odisha","constituency":"ASKA"}
{"_id":{"$oid":"6aa507cc37068c6245ecf96b"},"name":"Smt Pratibha Singh","house":"Lok Sabha","state":"Himachal Pradesh","constituency":"MANDI"}
{"_id":{"$oid":"6aa507cc37068c6245ecf96c"},"name":"Smt Preneet Kaur (17th Lok Sabha)","house":"Lok Sabha","state":"Punjab","constituency":"PATIALA"}
{"_id":{"$oid":"6aa507cc37068c6245ecf96d"},"name":"Smt Rajashree Mallick (17th Lok Sabha)","house":"Lok Sabha","state":"Odisha","constituency":"JAGATSINGHPUR"}
{"_id":{"$oid":"6aa507cc37068c6245ecf96e"},"name":"Smt Raksha Nikhil Khadse(17th Lok Sabha)","house":"Lok Sabha","state":"Maharashtra","constituency":"RAVER"}
{"_id":{"$oid":"6aa507cc37068c6245ecf96f"},"name":"Smt Rama Devi","house":"Lok Sabha","state":"Bihar","constituency":"SHEOHAR"}
{"_id":{"$oid":"6aa507cc37068c6245ecf970"},"name":"Smt Ramya Haridas (17th Lok Sabha)","house":"Lok Sabha","state":"Kerala","constituency":"ALATHUR"}
{"_id":{"$oid":"6aa507cc37068c6245ecf971"},"name":"Smt Ranjanben Dhananjay Bhatt(17th Lok Sabha)","house":"Lok Sabha","state":"Gujarat","constituency":"VADODARA"}
{"_id":{"$oid":"6aa507cc37068c6245ecf972"},"name":"Smt Ranjeeta Koli(17th Lok Sabha)","house":"Lok Sabha","state":"Rajasthan","constituency":"BHARATPUR"}
{"_id":{"$oid":"6aa507cc37068c6245ecf973"},"name":"Smt Rekha Arun Verma (17th Lok Sabha)","house":"Lok Sabha","state":"Uttar Pradesh","constituency":"DHAURAHRA"}
{"_id":{"$oid":"6aa507cc37068c6245ecf974"},"name":"Smt Renuka Singh Saruta","house":"Lok Sabha","state":"Chhattisgarh","constituency":"SARGUJA"}
{"_id":{"$oid":"6aa507cc37068c6245ecf975"},"name":"Smt Riti Pathak (17th Lok Sabha)","house":"Lok Sabha","state":"Madhya Pradesh","constituency":"SIDHI"}
{"_id":{"$oid":"6aa507cc37068c6245ecf976"},"name":"Smt S Jothimani(17th Lok Sabha)","house":"Lok Sabha","state":"Tamil Nadu","constituency":"KARUR"}
{"_id":{"$oid":"6aa507cc37068c6245ecf977"},"name":"Smt Sajda Ahmed(17th Lok Sabha)","house":"Lok Sabha","state":"West Bengal","constituency":"ULUBERIA"}
{"_id":{"$oid":"6aa507cc37068c6245ecf978"},"name":"Smt Sandhya Ray(17th Lok Sabha)","house":"Lok Sabha","state":"Madhya Pradesh","constituency":"BHIND"}
{"_id":{"$oid":"6aa507cc37068c6245ecf979"},"name":"Smt Sangeeta Kumari Singh Deo (17th Lok Sabha)","house":"Lok Sabha","state":"Odisha","constituency":"BOLANGIR"}
{"_id":{"$oid":"6aa507cc37068c6245ecf97a"},"name":"Smt Sarmistha Sethi(17th Lok Sabha)","house":"Lok Sabha","state":"Odisha","constituency":"JAJPUR"}
{"_id":{"$oid":"6aa507cc37068c6245ecf97b"},"name":"Smt Satabdi Roy (Banerjee) (17th Lok Sabha)","house":"Lok Sabha","state":"West Bengal","constituency":"BIRBHUM"}
{"_id":{"$oid":"6aa507cc37068c6245ecf97c"},"name":"Smt Shardaben Anilbhai Patel","house":"Lok Sabha","state":"Gujarat","constituency":"MAHESANA"}
{"_id":{"$oid":"6aa507cc37068c6245ecf97d"},"name":"Smt Sumalatha Ambareesh(17th Lok Sabha)","house":"Lok Sabha","state":"Karnataka","constituency":"MANDYA"}
{"_id":{"$oid":"6aa507cc37068c6245ecf97e"},"name":"Smt Supriya Sadanand Sule(17th Lok Sabha)","house":"Lok Sabha","state":"Maharashtra","constituency":"BARAMATI"}
{"_id":{"$oid":"6aa507cc37068c6245ecf97f"},"name":"Smt Veena Devi (17th Lok Sabha)","house":"Lok Sabha","state":"Bihar","constituency":"VAISHALI"}
{"_id":{"$oid":"6aa507cc37068c6245ecf980"},"name":"Smt. Sonia Gandhi (2019-24)","house":"Lok Sabha","state":"Uttar Pradesh","constituency":"RAE BARELI"}
{"_id":{"$oid":"6aa507cc37068c6245ecf981"},"name":"Soyam Babu Rao","house":"Lok Sabha","state":"Telangana","constituency":"ADILABAD"}
{"_id":{"$oid":"6aa507cc37068c6245ecf982"},"name":"SR Parthiban(17th Lok Sabha)","house":"Lok Sabha","state":"Tamil Nadu","constituency":"SALEM"}
{"_id":{"$oid":"6aa507cc37068c6245ecf983"},"name":"Srinivas Kesineni","house":"Lok Sabha","state":"Andhra Pradesh","constituency":"VIJAYAWADA"}
{"_id":{"$oid":"6aa507cc37068c6245ecf984"},"name":"Su Thirunavukkarasar(17th Lok Sabha)","house":"Lok Sabha","state":"Tamil Nadu","constituency":"TIRUCHIRAPPALLI"}
{"_id":{"$oid":"6aa507cc37068c6245ecf985"},"name":"Subhash Ramrao Bhamre","house":"Lok Sabha","state":"Maharashtra","constituency":"DHULE"}
{"_id":{"$oid":"6aa507cc37068c6245ecf986"},"name":"Subhash Sarkar (17th Lok Sabha)","house":"Lok Sabha","state":"West Bengal","constituency":"BANKURA"}
{"_id":{"$oid":"6aa507cc37068c6245ecf987"},"name":"Subrata Pathak(17th Lok Sabha)","house":"Lok Sabha","state":"Uttar Pradesh","constituency":"KANNAUJ"}
{"_id":{"$oid":"6aa507cc37068c6245ecf988"},"name":"Sudarshan Bhagat (17th Lok Sabha)","house":"Lok Sabha","state":"Jharkhand","constituency":"LOHARDAGA"}
{"_id":{"$oid":"6aa507cc37068c6245ecf989"},"name":"Sudhakar Tukaram Shrangre(17th Lok Sabha)","house":"Lok Sabha","state":"Maharashtra","constituency":"LATUR"}
{"_id":{"$oid":"6aa507cc37068c6245ecf98a"},"name":"Sudip Bandyopadhyay (17th Lok Sabha)","house":"Lok Sabha","state":"West Bengal","constituency":"KOLKATA UTTAR"}
{"_id":{"$oid":"6aa507cc37068c6245ecf98b"},"name":"Sujay Radhakrishna Vikhepatil(17th Lok Sabha)","house":"Lok Sabha","state":"Maharashtra","constituency":"AHMEDNAGAR"}
{"_id":{"$oid":"6aa507cc37068c6245ecf98c"},"name":"Sukhbir Singh Badal(17th Lok Sabha)","house":"Lok Sabha","state":"Punjab","constituency":"FIROZPUR"}
{"_id":{"$oid":"6aa507cc37068c6245ecf98d"},"name":"Sukhbir Singh Jaunapuria(17th Lok Sabha)","house":"Lok Sabha","state":"Rajasthan","constituency":"TONK-SAWAI MADHOPUR"}
{"_id":{"$oid":"6aa507cc37068c6245ecf98e"},"name":"Sumedhanand Saraswati(17th Lok Sabha)","house":"Lok Sabha","state":"Rajasthan","constituency":"SIKAR"}
{"_id":{"$oid":"6aa507cc37068c6245ecf98f"},"name":"Sunil Dattatray Tatkare(17th Lok Sabha)","house":"Lok Sabha","state":"Maharashtra","constituency":"RAIGAD"}
{"_id":{"$oid":"6aa507cc37068c6245ecf990"},"name":"Sunil Kumar","house":"Lok Sabha","state":"Bihar","constituency":"VALMIKI NAGAR"}
{"_id":{"$oid":"6aa507cc37068c6245ecf991"},"name":"Sunil Kumar Mondal (17th Lok Sabha)","house":"Lok Sabha","state":"West Bengal","constituency":"BARDHAMAN PURBA"}
{"_id":{"$oid":"6aa507cc37068c6245ecf992"},"name":"Sunil Kumar Pintu","house":"Lok Sabha","state":"Bihar","constituency":"SITAMARHI"}
{"_id":{"$oid":"6aa507cc37068c6245ecf993"},"name":"Sunil Kumar Singh","house":"Lok Sabha","state":"Jharkhand","constituency":"CHATRA"}
{"_id":{"$oid":"6aa507cc37068c6245ecf994"},"name":"Sunil Kumar Soni","house":"Lok Sabha","state":"Chhattisgarh","constituency":"RAIPUR"}
{"_id":{"$oid":"6aa507cc37068c6245ecf995"},"name":"Sunil Soren","house":"Lok Sabha","state":"Jharkhand","constituency":"DUMKA"}
{"_id":{"$oid":"6aa507cc37068c6245ecf996"},"name":"Sunita Duggal(17TH Lok Sabha)","house":"Lok Sabha","state":"Haryana","constituency":"SIRSA"}
{"_id":{"$oid":"6aa507cc37068c6245ecf997"},"name":"Suresh Pujari(17th Lok Sabha)","house":"Lok Sabha","state":"Odisha","constituency":"BARGARH"}
{"_id":{"$oid":"6aa507cc37068c6245ecf998"},"name":"Sushil Kumar Rinku (17th Lok Sabha)","house":"Lok Sabha","state":"Punjab","constituency":"JALANDHAR"}
{"_id":{"$oid":"6aa507cc37068c6245ecf999"},"name":"Sushil Kumar Singh","house":"Lok Sabha","state":"Bihar","constituency":"AURANGABAD"}
{"_id":{"$oid":"6aa507cc37068c6245ecf99a"},"name":"Swami Sachchidanandhari Sakshi ji Maharaj","house":"Lok Sabha","state":"Uttar Pradesh","constituency":"UNNAO"}
{"_id":{"$oid":"6aa507cc37068c6245ecf99b"},"name":"Syed Imtiaz Jaleel(17th Lok Sabha)","house":"Lok Sabha","state":"Maharashtra","constituency":"AURANGABAD"}
{"_id":{"$oid":"6aa507cc37068c6245ecf99c"},"name":"T N Prathapan(17th Lok Sabha)","house":"Lok Sabha","state":"Kerala","constituency":"THRISSUR"}
{"_id":{"$oid":"6aa507cc37068c6245ecf99d"},"name":"T R Paarivendhar(17th Lok Sabha)","house":"Lok Sabha","state":"Tamil Nadu","constituency":"PERAMBALUR"}
{"_id":{"$oid":"6aa507cc37068c6245ecf99e"},"name":"T Sumathy (A) Thamizhachi Thangapandian","house":"Lok Sabha","state":"Tamil Nadu","constituency":"CHENNAI SOUTH"}
{"_id":{"$oid":"6aa507cc37068c6245ecf99f"},"name":"Talari Rangaiah","house":"Lok Sabha","state":"Andhra Pradesh","constituency":"ANANTAPUR"}
{"_id":{"$oid":"6aa507cc37068c6245ecf9a0"},"name":"Thalikkottai Rajuthevar Baalu(17th Lok Sabha)","house":"Lok Sabha","state":"Tamil Nadu","constituency":"SRIPERUMBUDUR"}
{"_id":{"$oid":"6aa507cc37068c6245ecf9a1"},"name":"Thiru Dayanidhi Maran (17th Lok Sabha)","house":"Lok Sabha","state":"Tamil Nadu","constituency":"CHENNAI CENTRAL"}
{"_id":{"$oid":"6aa507cc37068c6245ecf9a2"},"name":"Thirumaa Valavan Thol(17th Lok Sabha)","house":"Lok Sabha","state":"Tamil Nadu","constituency":"CHIDAMBARAM"}
{"_id":{"$oid":"6aa507cc37068c6245ecf9a3"},"name":"Tirath Singh Rawat(17th Lok Sabha)","house":"Lok Sabha","state":"Uttarakhand","constituency":"GARHWAL"}
{"_id":{"$oid":"6aa507cc37068c6245ecf9a4"},"name":"Topon Kumar Gogoi","house":"Lok Sabha","state":"Assam","constituency":"JORHAT"}
{"_id":{"$oid":"6aa507cc37068c6245ecf9a5"},"name":"TRVS Ramesh(17th Lok Sabha)","house":"Lok Sabha","state":"Tamil Nadu","constituency":"CUDDALORE"}
{"_id":{"$oid":"6aa507cc37068c6245ecf9a6"},"name":"Uday Pratap Singh(17th Lok Sabha)","house":"Lok Sabha","state":"Madhya Pradesh","constituency":"HOSHANGABAD"}
{"_id":{"$oid":"6aa507cc37068c6245ecf9a7"},"name":"Unmesh Bhaiyyasaheb Patil(17th Lok Sabha)","house":"Lok Sabha","state":"Maharashtra","constituency":"JALGAON"}
{"_id":{"$oid":"6aa507cc37068c6245ecf9a8"},"name":"Upendra Singh Rawat(17th Lok Sabha)","house":"Lok Sabha","state":"Uttar Pradesh","constituency":"BARABANKI"}
{"_id":{"$oid":"6aa507cc37068c6245ecf9a9"},"name":"Uttam Kumar Nalamada Reddy(17th Lok Sabha)","house":"Lok Sabha","state":"Telangana","constituency":"NALGONDA"}
{"_id":{"$oid":"6aa507cc37068c6245ecf9aa"},"name":"V Srinivas Prasad(17th Lok Sabha)","house":"Lok Sabha","state":"Karnataka","constituency":"CHAMARAJANAGAR"}
{"_id":{"$oid":"6aa507cc37068c6245ecf9ab"},"name":"Vaithilingam Ve(17th Lok Sabha)","house":"Lok Sabha","state":"Puducherry","constituency":"Puducherry"}
{"_id":{"$oid":"6aa507cc37068c6245ecf9ac"},"name":"Vanga Geetha Viswanath (17th Lok Sabha)","house":"Lok Sabha","state":"Andhra Pradesh","constituency":"KAKINADA"}
{"_id":{"$oid":"6aa507cc37068c6245ecf9ad"},"name":"Venkatesh Netha Borlakunta","house":"Lok Sabha","state":"Telangana","constituency":"PEDDAPALLE"}
{"_id":{"$oid":"6aa507cc37068c6245ecf9ae"},"name":"vijay kumar","house":"Lok Sabha","state":"Bihar","constituency":"GAYA"}
{"_id":{"$oid":"6aa507cc37068c6245ecf9af"},"name":"Vijay Kumar Dubey(17th Lok Sabha)","house":"Lok Sabha","state":"Uttar Pradesh","constituency":"KUSHI NAGAR"}
{"_id":{"$oid":"6aa507cc37068c6245ecf9b0"},"name":"vijayakumar Vasanth","house":"Lok Sabha","state":"Tamil Nadu","constituency":"KANNIYAKUMARI"}
{"_id":{"$oid":"6aa507cc37068c6245ecf9b1"},"name":"Vinayak Bhaurao Raut(17th Lok Sabha)","house":"Lok Sabha","state":"Maharashtra","constituency":"RATNAGIRI-SINDHUDURG"}
{"_id":{"$oid":"6aa507cc37068c6245ecf9b2"},"name":"Vincent H Pala(17th Lok Sabha)","house":"Lok Sabha","state":"Meghalaya","constituency":"SHILLONG"}
{"_id":{"$oid":"6aa507cc37068c6245ecf9b3"},"name":"Vinod Chavda(17th Lok Sabha)","house":"Lok Sabha","state":"Gujarat","constituency":"KACHCHH"}
{"_id":{"$oid":"6aa507cc37068c6245ecf9b4"},"name":"Virendra Kumar(17th Lok Sabha)","house":"Lok Sabha","state":"Madhya Pradesh","constituency":"TIKAMGARH"}
{"_id":{"$oid":"6aa507cc37068c6245ecf9b5"},"name":"Virendra Singh(17th Lok Sabha)","house":"Lok Sabha","state":"Uttar Pradesh","constituency":"BALLIA"}
{"_id":{"$oid":"6aa507cc37068c6245ecf9b6"},"name":"Vivek Narayan Shejwalkar(17th Lok Sabha)","house":"Lok Sabha","state":"Madhya Pradesh","constituency":"GWALIOR"}
{"_id":{"$oid":"6aa507cc37068c6245ecf9b7"},"name":"Y Devendrappa(17th Lok Sabha)","house":"Lok Sabha","state":"Karnataka","constituency":"BELLARY"}
{"_id":{"$oid":"6aa507cc37068c6245ecf9b8"},"name":"Dr. Abhishek Manu Singhvi (2026-32)","house":"Rajya Sabha","state":"Telangana","constituency":"Sitting Rajya Sabha"}
{"_id":{"$oid":"6aa507cc37068c6245ecf9b9"},"name":"Dr. Ajeet Madhavrao Gopchade (2024-30)","house":"Rajya Sabha","state":"Maharashtra","constituency":"Sitting Rajya Sabha"}
{"_id":{"$oid":"6aa507cc37068c6245ecf9ba"},"name":"Dr. Alka Singh (2026-32)","house":"Rajya Sabha","state":"Rajasthan","constituency":"Sitting Rajya Sabha"}
{"_id":{"$oid":"6aa507cc37068c6245ecf9bb"},"name":"Dr. Anbumani Ramadoss (2026-32)","house":"Rajya Sabha","state":"Tamil Nadu","constituency":"Sitting Rajya Sabha"}
{"_id":{"$oid":"6aa507cc37068c6245ecf9bc"},"name":"Dr. Anil Sukhdeorao Bonde (2022-28)","house":"Rajya Sabha","state":"Maharashtra","constituency":"Sitting Rajya Sabha"}
{"_id":{"$oid":"6aa507cc37068c6245ecf9bd"},"name":"Dr. Ashok Kumar Mittal (2022-28)","house":"Rajya Sabha","state":"Punjab","constituency":"Sitting Rajya Sabha"}
{"_id":{"$oid":"6aa507cc37068c6245ecf9be"},"name":"Dr. Bhim Singh (2024-30)","house":"Rajya Sabha","state":"Bihar","constituency":"Sitting Rajya Sabha"}
{"_id":{"$oid":"6aa507cc37068c6245ecf9bf"},"name":"Dr. Dharmasthala Veerendra Heggade (2022-28)","house":"Rajya Sabha","state":"Karnataka","constituency":"Nominated Rajya Sabha"}
{"_id":{"$oid":"6aa507cc37068c6245ecf9c0"},"name":"Dr. Dharmshila Gupta (2024-30)","house":"Rajya Sabha","state":"Bihar","constituency":"Sitting Rajya Sabha"}
{"_id":{"$oid":"6aa507cc37068c6245ecf9c1"},"name":"Dr. Dinesh Sharma (2023-26)","house":"Rajya Sabha","state":"Uttar Pradesh","constituency":"Sitting Rajya Sabha"}
{"_id":{"$oid":"6aa507cc37068c6245ecf9c2"},"name":"Dr. Faiyaz Ahmad (2022-28)","house":"Rajya Sabha","state":"Bihar","constituency":"Sitting Rajya Sabha"}
{"_id":{"$oid":"6aa507cc37068c6245ecf9c3"},"name":"Dr. John Brittas (2021-27)","house":"Rajya Sabha","state":"Kerala","constituency":"Sitting Rajya Sabha"}
{"_id":{"$oid":"6aa507cc37068c6245ecf9c4"},"name":"Dr. Jyoti Nagnath Waghmare (2026-32)","house":"Rajya Sabha","state":"Maharashtra","constituency":"Sitting Rajya Sabha"}
{"_id":{"$oid":"6aa507cc37068c6245ecf9c5"},"name":"Dr. K. Laxman (2022-28)","house":"Rajya Sabha","state":"Uttar Pradesh","constituency":"Sitting Rajya Sabha"}
{"_id":{"$oid":"6aa507cc37068c6245ecf9c6"},"name":"Dr. Kalpana Saini (2022-28)","house":"Rajya Sabha","state":"Uttarakhand","constituency":"Sitting Rajya Sabha"}
{"_id":{"$oid":"6aa507cc37068c6245ecf9c7"},"name":"Dr. Kavita Patidar (2022-28)","house":"Rajya Sabha","state":"Madhya Pradesh","constituency":"Sitting Rajya Sabha"}
{"_id":{"$oid":"6aa507cc37068c6245ecf9c8"},"name":"Dr. L. Murugan (2024-30)","house":"Rajya Sabha","state":"Madhya Pradesh","constituency":"Sitting Rajya Sabha"}
{"_id":{"$oid":"6aa507cc37068c6245ecf9c9"},"name":"Dr. Laxmikant Bajpayee (2022-28)","house":"Rajya Sabha","state":"Uttar Pradesh","constituency":"Sitting Rajya Sabha"}
{"_id":{"$oid":"6aa507cc37068c6245ecf9ca"},"name":"Dr. M. Dhanapal (2025-31)","house":"Rajya Sabha","state":"Tamil Nadu","constituency":"Sitting Rajya Sabha"}
{"_id":{"$oid":"6aa507cc37068c6245ecf9cb"},"name":"Dr. M. Thambi Durai (2026-32)","house":"Rajya Sabha","state":"Tamil Nadu","constituency":"Sitting Rajya Sabha"}
{"_id":{"$oid":"6aa507cc37068c6245ecf9cc"},"name":"Dr. Medha Vishram Kulkarni (2024-30)","house":"Rajya Sabha","state":"Maharashtra","constituency":"Sitting Rajya Sabha"}
{"_id":{"$oid":"6aa507cc37068c6245ecf9cd"},"name":"Dr. Meenakshi Jain (2025-31)","house":"Rajya Sabha","state":"Delhi","constituency":"Nominated Rajya Sabha"}
{"_id":{"$oid":"6aa507cc37068c6245ecf9ce"},"name":"Dr. Mukeshbhai J. Rathwa (2026-32)","house":"Rajya Sabha","state":"Gujarat","constituency":"Sitting Rajya Sabha"}
{"_id":{"$oid":"6aa507cc37068c6245ecf9cf"},"name":"Dr. Parmar Jashvantsinh Salamsinh (2024-30)","house":"Rajya Sabha","state":"Gujarat","constituency":"Sitting Rajya Sabha"}
{"_id":{"$oid":"6aa507cc37068c6245ecf9d0"},"name":"Dr. Radha Mohan Das Agrawal (2022-28)","house":"Rajya Sabha","state":"Uttar Pradesh","constituency":"Sitting Rajya Sabha"}
{"_id":{"$oid":"6aa507cc37068c6245ecf9d1"},"name":"Dr. Sandeep Kumar Pathak (2022-28)","house":"Rajya Sabha","state":"Punjab","constituency":"Sitting Rajya Sabha"}
{"_id":{"$oid":"6aa507cc37068c6245ecf9d2"},"name":"Dr. Sangeeta Balwant (2024-30)","house":"Rajya Sabha","state":"Uttar Pradesh","constituency":"Sitting Rajya Sabha"}
{"_id":{"$oid":"6aa507cc37068c6245ecf9d3"},"name":"Dr. Santrupt Misra (2026-32)","house":"Rajya Sabha","state":"Odisha","constituency":"Sitting Rajya Sabha"}
{"_id":{"$oid":"6aa507cc37068c6245ecf9d4"},"name":"Dr. Sarfraz Ahmad (2024-30)","house":"Rajya Sabha","state":"Jharkhand","constituency":"Sitting Rajya Sabha"}
{"_id":{"$oid":"6aa507cc37068c6245ecf9d5"},"name":"Dr. Sasmit Patra (2022-28)","house":"Rajya Sabha","state":"Odisha","constituency":"Sitting Rajya Sabha"}
{"_id":{"$oid":"6aa507cc37068c6245ecf9d6"},"name":"Dr. Satish Poonia (2026-32)","house":"Rajya Sabha","state":"Rajasthan","constituency":"Sitting Rajya Sabha"}
{"_id":{"$oid":"6aa507cc37068c6245ecf9d7"},"name":"Dr. Sikander Kumar (2022-28)","house":"Rajya Sabha","state":"Himachal Pradesh","constituency":"Sitting Rajya Sabha"}
{"_id":{"$oid":"6aa507cc37068c6245ecf9d8"},"name":"Dr. Sudhanshu Trivedi (2024-30)","house":"Rajya Sabha","state":"Uttar Pradesh","constituency":"Sitting Rajya Sabha"}
{"_id":{"$oid":"6aa507cc37068c6245ecf9d9"},"name":"Dr. Syed Naseer Hussain (2024-30)","house":"Rajya Sabha","state":"Karnataka","constituency":"Sitting Rajya Sabha"}
{"_id":{"$oid":"6aa507cc37068c6245ecf9da"},"name":"Dr. V. Sivadasan (2021-27)","house":"Rajya Sabha","state":"Kerala","constituency":"Sitting Rajya Sabha"}
{"_id":{"$oid":"6aa507cc37068c6245ecf9db"},"name":"Dr. Vikramjit Singh Sahney (2022-28)","house":"Rajya Sabha","state":"Punjab","constituency":"Sitting Rajya Sabha"}
{"_id":{"$oid":"6aa507cc37068c6245ecf9dc"},"name":"Ms. Dola Sen (2023-29)","house":"Rajya Sabha","state":"West Bengal","constituency":"Sitting Rajya Sabha"}
{"_id":{"$oid":"6aa507cc37068c6245ecf9dd"},"name":"Ms. Swati Maliwal (2024-30)","house":"Rajya Sabha","state":"Delhi","constituency":"Sitting Rajya Sabha"}
{"_id":{"$oid":"6aa507cc37068c6245ecf9de"},"name":"Parimal Nathwani (2026-32)","house":"Rajya Sabha","state":"Jharkhand","constituency":"Sitting Rajya Sabha"}
{"_id":{"$oid":"6aa507cc37068c6245ecf9df"},"name":"Prof. Manoj Kumar Jha (2024-30)","house":"Rajya Sabha","state":"Bihar","constituency":"Sitting Rajya Sabha"}
{"_id":{"$oid":"6aa507cc37068c6245ecf9e0"},"name":"Prof. Ram Gopal Yadav (2020-26)","house":"Rajya Sabha","state":"Uttar Pradesh","constituency":"Sitting Rajya Sabha"}
{"_id":{"$oid":"6aa507cc37068c6245ecf9e1"},"name":"Shri A. A. Rahim (2022-28)","house":"Rajya Sabha","state":"Kerala","constituency":"Sitting Rajya Sabha"}
{"_id":{"$oid":"6aa507cc37068c6245ecf9e2"},"name":"Shri Abdul Wahab (2021-27)","house":"Rajya Sabha","state":"Kerala","constituency":"Sitting Rajya Sabha"}
{"_id":{"$oid":"6aa507cc37068c6245ecf9e3"},"name":"Shri Aditya Prasad (2022-28)","house":"Rajya Sabha","state":"Jharkhand","constituency":"Sitting Rajya Sabha"}
{"_id":{"$oid":"6aa507cc37068c6245ecf9e4"},"name":"Shri Ajay Makan (2024-30)","house":"Rajya Sabha","state":"Karnataka","constituency":"Sitting Rajya Sabha"}
{"_id":{"$oid":"6aa507cc37068c6245ecf9e5"},"name":"Shri Akhilesh Prasad Singh (2024-30)","house":"Rajya Sabha","state":"Bihar","constituency":"Sitting Rajya Sabha"}
{"_id":{"$oid":"6aa507cc37068c6245ecf9e6"},"name":"Shri Amar Pal Maurya (2024-30)","house":"Rajya Sabha","state":"Uttar Pradesh","constituency":"Sitting Rajya Sabha"}
{"_id":{"$oid":"6aa507cc37068c6245ecf9e7"},"name":"Shri Anil Kumar Yadav Mandadi (2024-30)","house":"Rajya Sabha","state":"Telangana","constituency":"Sitting Rajya Sabha"}
{"_id":{"$oid":"6aa507cc37068c6245ecf9e8"},"name":"Shri Anurag Sharma (2026-32)","house":"Rajya Sabha","state":"Himachal Pradesh","constituency":"Sitting Rajya Sabha"}
{"_id":{"$oid":"6aa507cc37068c6245ecf9e9"},"name":"Shri Arun Singh (2020-26)","house":"Rajya Sabha","state":"Uttar Pradesh","constituency":"Sitting Rajya Sabha"}
{"_id":{"$oid":"6aa507cc37068c6245ecf9ea"},"name":"Shri Ashok Singh (2024-30)","house":"Rajya Sabha","state":"Madhya Pradesh","constituency":"Sitting Rajya Sabha"}
{"_id":{"$oid":"6aa507cc37068c6245ecf9eb"},"name":"Shri Ashokrao Shankarrao Chavan (2024-30)","house":"Rajya Sabha","state":"Maharashtra","constituency":"Sitting Rajya Sabha"}
{"_id":{"$oid":"6aa507cc37068c6245ecf9ec"},"name":"Shri Ashwini Vaishnaw (2024-30)","house":"Rajya Sabha","state":"Odisha","constituency":"Sitting Rajya Sabha"}
{"_id":{"$oid":"6aa507cc37068c6245ecf9ed"},"name":"Shri B. Parthasaradhi Reddy (2022-28)","house":"Rajya Sabha","state":"Telangana","constituency":"Sitting Rajya Sabha"}
{"_id":{"$oid":"6aa507cc37068c6245ecf9ee"},"name":"Shri B.L. Verma (2020-26)","house":"Rajya Sabha","state":"Uttar Pradesh","constituency":"Sitting Rajya Sabha"}
{"_id":{"$oid":"6aa507cc37068c6245ecf9ef"},"name":"Shri Babubhai Jesangbhai Desai (2023-29)","house":"Rajya Sabha","state":"Gujarat","constituency":"Sitting Rajya Sabha"}
{"_id":{"$oid":"6aa507cc37068c6245ecf9f0"},"name":"Shri Baburam Nishad (2022-28)","house":"Rajya Sabha","state":"Uttar Pradesh","constituency":"Sitting Rajya Sabha"}
{"_id":{"$oid":"6aa507cc37068c6245ecf9f1"},"name":"Shri Baidyanath Ram (2026-32)","house":"Rajya Sabha","state":"Jharkhand","constituency":"Sitting Rajya Sabha"}
{"_id":{"$oid":"6aa507cc37068c6245ecf9f2"},"name":"Shri Balyogi Umeshnath (2024-30)","house":"Rajya Sabha","state":"Madhya Pradesh","constituency":"Sitting Rajya Sabha"}
{"_id":{"$oid":"6aa507cc37068c6245ecf9f3"},"name":"Shri Banshilal Gurjar (2024-30)","house":"Rajya Sabha","state":"Madhya Pradesh","constituency":"Sitting Rajya Sabha"}
{"_id":{"$oid":"6aa507cc37068c6245ecf9f4"},"name":"Shri Bhashyam Rama Krishna (2026-32)","house":"Rajya Sabha","state":"Andhra Pradesh","constituency":"Sitting Rajya Sabha"}
{"_id":{"$oid":"6aa507cc37068c6245ecf9f5"},"name":"Shri Birendra Prasad Baishya (2025-31)","house":"Rajya Sabha","state":"Assam","constituency":"Sitting Rajya Sabha"}
{"_id":{"$oid":"6aa507cc37068c6245ecf9f6"},"name":"Shri Biswajit Sinha (Rahul Sinha) (2026-32)","house":"Rajya Sabha","state":"West Bengal","constituency":"Sitting Rajya Sabha"}
{"_id":{"$oid":"6aa507cc37068c6245ecf9f7"},"name":"Shri Brij Lal (2020-26)","house":"Rajya Sabha","state":"Uttar Pradesh","constituency":"Sitting Rajya Sabha"}
{"_id":{"$oid":"6aa507cc37068c6245ecf9f8"},"name":"Shri C. Sadanandan Master (2025-31)","house":"Rajya Sabha","state":"Kerala","constituency":"Nominated Rajya Sabha"}
{"_id":{"$oid":"6aa507cc37068c6245ecf9f9"},"name":"Shri Chandrakant Damodar Handore (2024-30)","house":"Rajya Sabha","state":"Maharashtra","constituency":"Sitting Rajya Sabha"}
{"_id":{"$oid":"6aa507cc37068c6245ecf9fa"},"name":"Shri Chowdry Mohammad Ramzan (2025-31)","house":"Rajya Sabha","state":"Jammu And Kashmir","constituency":"Sitting Rajya Sabha"}
{"_id":{"$oid":"6aa507cc37068c6245ecf9fb"},"name":"Shri Christopher Manickam (2026-32)","house":"Rajya Sabha","state":"Tamil Nadu","constituency":"Sitting Rajya Sabha"}
{"_id":{"$oid":"6aa507cc37068c6245ecf9fc"},"name":"Shri Chunnilal Garasiya (2024-30)","house":"Rajya Sabha","state":"Rajasthan","constituency":"Sitting Rajya Sabha"}
{"_id":{"$oid":"6aa507cc37068c6245ecf9fd"},"name":"Shri Constandine Ravindran (2026-32)","house":"Rajya Sabha","state":"Tamil Nadu","constituency":"Sitting Rajya Sabha"}
{"_id":{"$oid":"6aa507cc37068c6245ecf9fe"},"name":"Shri Damodar Rao Divakonda (2022-28)","house":"Rajya Sabha","state":"Telangana","constituency":"Sitting Rajya Sabha"}
{"_id":{"$oid":"6aa507cc37068c6245ecf9ff"},"name":"Shri Debashish Samantaray (2026-30)","house":"Rajya Sabha","state":"Odisha","constituency":"Sitting Rajya Sabha"}
{"_id":{"$oid":"6aa507cc37068c6245ecfa00"},"name":"Shri Derek O' Brien (2023-29)","house":"Rajya Sabha","state":"West Bengal","constituency":"Sitting Rajya Sabha"}
{"_id":{"$oid":"6aa507cc37068c6245ecfa01"},"name":"Shri Devendra Pratap Singh (2024-30)","house":"Rajya Sabha","state":"Chhattisgarh","constituency":"Sitting Rajya Sabha"}
{"_id":{"$oid":"6aa507cc37068c6245ecfa02"},"name":"Shri Dhananjay Bhimrao Mahadik (2022-28)","house":"Rajya Sabha","state":"Maharashtra","constituency":"Sitting Rajya Sabha"}
{"_id":{"$oid":"6aa507cc37068c6245ecfa03"},"name":"Shri Dilip Kumar Ray (2026-32)","house":"Rajya Sabha","state":"Odisha","constituency":"Sitting Rajya Sabha"}
{"_id":{"$oid":"6aa507cc37068c6245ecfa04"},"name":"Shri Dorjee Tshering Lepcha (2024-30)","house":"Rajya Sabha","state":"Sikkim","constituency":"Sitting Rajya Sabha"}
{"_id":{"$oid":"6aa507cc37068c6245ecfa05"},"name":"Shri G.C. Chandrashekhar (2024-30)","house":"Rajya Sabha","state":"Karnataka","constituency":"Sitting Rajya Sabha"}
{"_id":{"$oid":"6aa507cc37068c6245ecfa06"},"name":"Shri Ghanshyam Tiwari (2022-28)","house":"Rajya Sabha","state":"Rajasthan","constituency":"Sitting Rajya Sabha"}
{"_id":{"$oid":"6aa507cc37068c6245ecfa07"},"name":"Shri Golla Baburao (2024-30)","house":"Rajya Sabha","state":"Andhra Pradesh","constituency":"Sitting Rajya Sabha"}
{"_id":{"$oid":"6aa507cc37068c6245ecfa08"},"name":"Shri Govindbhai Laljibhai Dholakia (2024-30)","house":"Rajya Sabha","state":"Gujarat","constituency":"Sitting Rajya Sabha"}
{"_id":{"$oid":"6aa507cc37068c6245ecfa09"},"name":"Shri Gulam Ali (2022-28)","house":"Rajya Sabha","state":"Jammu And Kashmir","constituency":"Nominated Rajya Sabha"}
{"_id":{"$oid":"6aa507cc37068c6245ecfa0a"},"name":"Shri Gurwinder Singh Oberoi (2025-31)","house":"Rajya Sabha","state":"Jammu And Kashmir","constituency":"Sitting Rajya Sabha"}
{"_id":{"$oid":"6aa507cc37068c6245ecfa0b"},"name":"Shri Harbhajan Singh (2022-28)","house":"Rajya Sabha","state":"Punjab","constituency":"Sitting Rajya Sabha"}
{"_id":{"$oid":"6aa507cc37068c6245ecfa0c"},"name":"Shri Hardeep Singh Puri (2020-26)","house":"Rajya Sabha","state":"Uttar Pradesh","constituency":"Sitting Rajya Sabha"}
{"_id":{"$oid":"6aa507cc37068c6245ecfa0d"},"name":"Shri Haris Beeran (2024-30)","house":"Rajya Sabha","state":"Kerala","constituency":"Sitting Rajya Sabha"}
{"_id":{"$oid":"6aa507cc37068c6245ecfa0e"},"name":"Shri Harsh Mahajan (2024-30)","house":"Rajya Sabha","state":"Himachal Pradesh","constituency":"Sitting Rajya Sabha"}
{"_id":{"$oid":"6aa507cc37068c6245ecfa0f"},"name":"Shri Harsh Vardhan Shringla (2025-31)","house":"Rajya Sabha","state":"West Bengal","constituency":"Nominated Rajya Sabha"}
{"_id":{"$oid":"6aa507cc37068c6245ecfa10"},"name":"Shri I.S. Inbadurai (2025-31)","house":"Rajya Sabha","state":"Tamil Nadu","constituency":"Sitting Rajya Sabha"}
{"_id":{"$oid":"6aa507cc37068c6245ecfa11"},"name":"Shri Ilaiyaraaja (2022-28)","house":"Rajya Sabha","state":"Tamil Nadu","constituency":"Nominated Rajya Sabha"}
{"_id":{"$oid":"6aa507cc37068c6245ecfa12"},"name":"Shri Imran Pratapgarhi (2022-28)","house":"Rajya Sabha","state":"Maharashtra","constituency":"Sitting Rajya Sabha"}
{"_id":{"$oid":"6aa507cc37068c6245ecfa13"},"name":"Shri Jagat Prakash Nadda (2024-30)","house":"Rajya Sabha","state":"Gujarat","constituency":"Sitting Rajya Sabha"}
{"_id":{"$oid":"6aa507cc37068c6245ecfa14"},"name":"Shri Jaggesh (2022-28)","house":"Rajya Sabha","state":"Karnataka","constituency":"Sitting Rajya Sabha"}
{"_id":{"$oid":"6aa507cc37068c6245ecfa15"},"name":"Shri Jairam Ramesh (2022-28)","house":"Rajya Sabha","state":"Karnataka","constituency":"Sitting Rajya Sabha"}
{"_id":{"$oid":"6aa507cc37068c6245ecfa16"},"name":"Shri James Pangsang Kongkal Sangma (2026-32)","house":"Rajya Sabha","state":"Meghalaya","constituency":"Sitting Rajya Sabha"}
{"_id":{"$oid":"6aa507cc37068c6245ecfa17"},"name":"Shri Javed Ali Khan (2022-28)","house":"Rajya Sabha","state":"Uttar Pradesh","constituency":"Sitting Rajya Sabha"}
{"_id":{"$oid":"6aa507cc37068c6245ecfa18"},"name":"Shri Jayant Chaudhary (2022-28)","house":"Rajya Sabha","state":"Uttar Pradesh","constituency":"Sitting Rajya Sabha"}
{"_id":{"$oid":"6aa507cc37068c6245ecfa19"},"name":"Shri Jogen Mohan (2026-32)","house":"Rajya Sabha","state":"Assam","constituency":"Sitting Rajya Sabha"}
{"_id":{"$oid":"6aa507cc37068c6245ecfa1a"},"name":"Shri Jose K. Mani (2024-30)","house":"Rajya Sabha","state":"Kerala","constituency":"Sitting Rajya Sabha"}
{"_id":{"$oid":"6aa507cc37068c6245ecfa1b"},"name":"Shri K.R.N. Rajeshkumar (2022-28)","house":"Rajya Sabha","state":"Tamil Nadu","constituency":"Sitting Rajya Sabha"}
{"_id":{"$oid":"6aa507cc37068c6245ecfa1c"},"name":"Shri Kamal Haasan (2025-31)","house":"Rajya Sabha","state":"Tamil Nadu","constituency":"Sitting Rajya Sabha"}
{"_id":{"$oid":"6aa507cc37068c6245ecfa1d"},"name":"Shri Kanad Purkayastha (2025-31)","house":"Rajya Sabha","state":"Assam","constituency":"Sitting Rajya Sabha"}
{"_id":{"$oid":"6aa507cc37068c6245ecfa1e"},"name":"Shri Kapil Sibal (2022-28)","house":"Rajya Sabha","state":"Uttar Pradesh","constituency":"Sitting Rajya Sabha"}
{"_id":{"$oid":"6aa507cc37068c6245ecfa1f"},"name":"Shri Karamvir Singh Singh Boudh (2026-32)","house":"Rajya Sabha","state":"Haryana","constituency":"Sitting Rajya Sabha"}
{"_id":{"$oid":"6aa507cc37068c6245ecfa20"},"name":"Shri Kartikeya Sharma (2022-28)","house":"Rajya Sabha","state":"Haryana","constituency":"Sitting Rajya Sabha"}
{"_id":{"$oid":"6aa507cc37068c6245ecfa21"},"name":"Shri Kesridevsinh Jhala (2023-29)","house":"Rajya Sabha","state":"Gujarat","constituency":"Sitting Rajya Sabha"}
{"_id":{"$oid":"6aa507cc37068c6245ecfa22"},"name":"Shri Khiangte Laltluangkima (2026-32)","house":"Rajya Sabha","state":"Mizoram","constituency":"Sitting Rajya Sabha"}
{"_id":{"$oid":"6aa507cc37068c6245ecfa23"},"name":"Shri Khiru Mahto (2022-28)","house":"Rajya Sabha","state":"Bihar","constituency":"Sitting Rajya Sabha"}
{"_id":{"$oid":"6aa507cc37068c6245ecfa24"},"name":"Shri L. K. Sudhish (2026-32)","house":"Rajya Sabha","state":"Tamil Nadu","constituency":"Sitting Rajya Sabha"}
{"_id":{"$oid":"6aa507cc37068c6245ecfa25"},"name":"Shri Lahar Singh Siroya (2022-28)","house":"Rajya Sabha","state":"Karnataka","constituency":"Sitting Rajya Sabha"}
{"_id":{"$oid":"6aa507cc37068c6245ecfa26"},"name":"Shri Lingamaneni Ramesh (2026-32)","house":"Rajya Sabha","state":"Andhra Pradesh","constituency":"Sitting Rajya Sabha"}
{"_id":{"$oid":"6aa507cc37068c6245ecfa27"},"name":"Shri M. Nagaraja (2026-32)","house":"Rajya Sabha","state":"Karnataka","constituency":"Sitting Rajya Sabha"}
{"_id":{"$oid":"6aa507cc37068c6245ecfa28"},"name":"Shri Madan Rathore (2024-30)","house":"Rajya Sabha","state":"Rajasthan","constituency":"Sitting Rajya Sabha"}
{"_id":{"$oid":"6aa507cc37068c6245ecfa29"},"name":"Shri Mahendra Bhatt (2024-30)","house":"Rajya Sabha","state":"Uttarakhand","constituency":"Sitting Rajya Sabha"}
{"_id":{"$oid":"6aa507cc37068c6245ecfa2a"},"name":"Shri Mahesh Kewat (2026-32)","house":"Rajya Sabha","state":"Madhya Pradesh","constituency":"Sitting Rajya Sabha"}
{"_id":{"$oid":"6aa507cc37068c6245ecfa2b"},"name":"Shri Mallikarjun Kharge (2026-32)","house":"Rajya Sabha","state":"Karnataka","constituency":"Sitting Rajya Sabha"}
{"_id":{"$oid":"6aa507cc37068c6245ecfa2c"},"name":"Shri Manan Kumar Mishra (2024-28)","house":"Rajya Sabha","state":"Bihar","constituency":"Sitting Rajya Sabha"}
{"_id":{"$oid":"6aa507cc37068c6245ecfa2d"},"name":"Shri Manas Ranjan Mangaraj (2022-28)","house":"Rajya Sabha","state":"Odisha","constituency":"Sitting Rajya Sabha"}
{"_id":{"$oid":"6aa507cc37068c6245ecfa2e"},"name":"Shri Manmohan Samal (2026-32)","house":"Rajya Sabha","state":"Odisha","constituency":"Sitting Rajya Sabha"}
{"_id":{"$oid":"6aa507cc37068c6245ecfa2f"},"name":"Shri Mansoor Ali Khan (2026-32)","house":"Rajya Sabha","state":"Karnataka","constituency":"Sitting Rajya Sabha"}
{"_id":{"$oid":"6aa507cc37068c6245ecfa30"},"name":"Shri Masthan Rao Yadav Beedha (2024-28)","house":"Rajya Sabha","state":"Andhra Pradesh","constituency":"Sitting Rajya Sabha"}
{"_id":{"$oid":"6aa507cc37068c6245ecfa31"},"name":"Shri Mayankkumar Nayak (2024-30)","house":"Rajya Sabha","state":"Gujarat","constituency":"Sitting Rajya Sabha"}
{"_id":{"$oid":"6aa507cc37068c6245ecfa32"},"name":"Shri Meda Raghunadha Reddy (2024-30)","house":"Rajya Sabha","state":"Andhra Pradesh","constituency":"Sitting Rajya Sabha"}
{"_id":{"$oid":"6aa507cc37068c6245ecfa33"},"name":"Shri Milind Murli Deora (2024-30)","house":"Rajya Sabha","state":"Maharashtra","constituency":"Sitting Rajya Sabha"}
{"_id":{"$oid":"6aa507cc37068c6245ecfa34"},"name":"Shri Mithlesh Kumar (2022-28)","house":"Rajya Sabha","state":"Uttar Pradesh","constituency":"Sitting Rajya Sabha"}
{"_id":{"$oid":"6aa507cc37068c6245ecfa35"},"name":"Shri Mohammed Nadimul Haque (2024-30)","house":"Rajya Sabha","state":"West Bengal","constituency":"Sitting Rajya Sabha"}
{"_id":{"$oid":"6aa507cc37068c6245ecfa36"},"name":"Shri Mukul Wasnik (2022-28)","house":"Rajya Sabha","state":"Rajasthan","constituency":"Sitting Rajya Sabha"}
{"_id":{"$oid":"6aa507cc37068c6245ecfa37"},"name":"Shri Nagendra Ray (2023-29)","house":"Rajya Sabha","state":"West Bengal","constituency":"Sitting Rajya Sabha"}
{"_id":{"$oid":"6aa507cc37068c6245ecfa38"},"name":"Shri Narain Dass Gupta (2024-30)","house":"Rajya Sabha","state":"Delhi","constituency":"Sitting Rajya Sabha"}
{"_id":{"$oid":"6aa507cc37068c6245ecfa39"},"name":"Shri Narayanasa K. Bhandage (2024-30)","house":"Rajya Sabha","state":"Karnataka","constituency":"Sitting Rajya Sabha"}
{"_id":{"$oid":"6aa507cc37068c6245ecfa3a"},"name":"Shri Naresh Bansal (2020-26)","house":"Rajya Sabha","state":"Uttarakhand","constituency":"Sitting Rajya Sabha"}
{"_id":{"$oid":"6aa507cc37068c6245ecfa3b"},"name":"Shri Naveen Jain (2024-30)","house":"Rajya Sabha","state":"Uttar Pradesh","constituency":"Sitting Rajya Sabha"}
{"_id":{"$oid":"6aa507cc37068c6245ecfa3c"},"name":"Shri Neeraj Dangi (2026-32)","house":"Rajya Sabha","state":"Rajasthan","constituency":"Sitting Rajya Sabha"}
{"_id":{"$oid":"6aa507cc37068c6245ecfa3d"},"name":"Shri Neeraj Shekhar (2020-26)","house":"Rajya Sabha","state":"Uttar Pradesh","constituency":"Sitting Rajya Sabha"}
{"_id":{"$oid":"6aa507cc37068c6245ecfa3e"},"name":"Shri Nitin Laxmanrao Jadhav Patil (2024-28)","house":"Rajya Sabha","state":"Maharashtra","constituency":"Sitting Rajya Sabha"}
{"_id":{"$oid":"6aa507cc37068c6245ecfa3f"},"name":"Shri Nitin Nabin (2026-32)","house":"Rajya Sabha","state":"Bihar","constituency":"Sitting Rajya Sabha"}
{"_id":{"$oid":"6aa507cc37068c6245ecfa40"},"name":"Shri P. Chidambaram (2022-28)","house":"Rajya Sabha","state":"Tamil Nadu","constituency":"Sitting Rajya Sabha"}
{"_id":{"$oid":"6aa507cc37068c6245ecfa41"},"name":"Shri P. P. Suneer (2024-30)","house":"Rajya Sabha","state":"Kerala","constituency":"Sitting Rajya Sabha"}
{"_id":{"$oid":"6aa507cc37068c6245ecfa42"},"name":"Shri P. Wilson (2025-31)","house":"Rajya Sabha","state":"Tamil Nadu","constituency":"Sitting Rajya Sabha"}
{"_id":{"$oid":"6aa507cc37068c6245ecfa43"},"name":"Shri Pabitra Margherita (2022-28)","house":"Rajya Sabha","state":"Assam","constituency":"Sitting Rajya Sabha"}
{"_id":{"$oid":"6aa507cc37068c6245ecfa44"},"name":"Shri Paka Venkata Satyanarayana (2025-28)","house":"Rajya Sabha","state":"Andhra Pradesh","constituency":"Sitting Rajya Sabha"}
{"_id":{"$oid":"6aa507cc37068c6245ecfa45"},"name":"Shri Parth Ajit Pawar (2026-32)","house":"Rajya Sabha","state":"Maharashtra","constituency":"Sitting Rajya Sabha"}
{"_id":{"$oid":"6aa507cc37068c6245ecfa46"},"name":"Shri Pawan Khera (2026-32)","house":"Rajya Sabha","state":"Karnataka","constituency":"Sitting Rajya Sabha"}
{"_id":{"$oid":"6aa507cc37068c6245ecfa47"},"name":"Shri Pradip Kumar Varma (2024-30)","house":"Rajya Sabha","state":"Jharkhand","constituency":"Sitting Rajya Sabha"}
{"_id":{"$oid":"6aa507cc37068c6245ecfa48"},"name":"Shri Praful Patel (2024-30)","house":"Rajya Sabha","state":"Maharashtra","constituency":"Sitting Rajya Sabha"}
{"_id":{"$oid":"6aa507cc37068c6245ecfa49"},"name":"Shri Prakash Chik Baraik (2026-29)","house":"Rajya Sabha","state":"West Bengal","constituency":"Sitting Rajya Sabha"}
{"_id":{"$oid":"6aa507cc37068c6245ecfa4a"},"name":"Shri Pramod Boro (2026-32)","house":"Rajya Sabha","state":"Assam","constituency":"Sitting Rajya Sabha"}
{"_id":{"$oid":"6aa507cc37068c6245ecfa4b"},"name":"Shri Pramod Tiwari (2022-28)","house":"Rajya Sabha","state":"Rajasthan","constituency":"Sitting Rajya Sabha"}
{"_id":{"$oid":"6aa507cc37068c6245ecfa4c"},"name":"Shri Praveen Chakravarthy (2026-28)","house":"Rajya Sabha","state":"Tamil Nadu","constituency":"Sitting Rajya Sabha"}
{"_id":{"$oid":"6aa507cc37068c6245ecfa4d"},"name":"Shri R. Dharmar (2022-28)","house":"Rajya Sabha","state":"Tamil Nadu","constituency":"Sitting Rajya Sabha"}
{"_id":{"$oid":"6aa507cc37068c6245ecfa4e"},"name":"Shri R. Girirajan (2022-28)","house":"Rajya Sabha","state":"Tamil Nadu","constituency":"Sitting Rajya Sabha"}
{"_id":{"$oid":"6aa507cc37068c6245ecfa4f"},"name":"Shri Raghav Chadha (2022-28)","house":"Rajya Sabha","state":"Punjab","constituency":"Sitting Rajya Sabha"}
{"_id":{"$oid":"6aa507cc37068c6245ecfa50"},"name":"Shri Rajeev Kumar (2026-32)","house":"Rajya Sabha","state":"West Bengal","constituency":"Sitting Rajya Sabha"}
{"_id":{"$oid":"6aa507cc37068c6245ecfa51"},"name":"Shri Rajeev Shukla (2022-28)","house":"Rajya Sabha","state":"Chhattisgarh","constituency":"Sitting Rajya Sabha"}
{"_id":{"$oid":"6aa507cc37068c6245ecfa52"},"name":"Shri Rajesh Parmanand Shukla (2026-32)","house":"Rajya Sabha","state":"Gujarat","constituency":"Sitting Rajya Sabha"}
{"_id":{"$oid":"6aa507cc37068c6245ecfa53"},"name":"Shri Rajib Bhattacharjee (2024-28)","house":"Rajya Sabha","state":"Tripura","constituency":"Sitting Rajya Sabha"}
{"_id":{"$oid":"6aa507cc37068c6245ecfa54"},"name":"Shri Rajinder Gupta (2025-28)","house":"Rajya Sabha","state":"Punjab","constituency":"Sitting Rajya Sabha"}
{"_id":{"$oid":"6aa507cc37068c6245ecfa55"},"name":"Shri Rajneesh Kumar Agrawal (2026-32)","house":"Rajya Sabha","state":"Madhya Pradesh","constituency":"Sitting Rajya Sabha"}
{"_id":{"$oid":"6aa507cc37068c6245ecfa56"},"name":"Shri Ram Nath Thakur (2026-32)","house":"Rajya Sabha","state":"Bihar","constituency":"Sitting Rajya Sabha"}
{"_id":{"$oid":"6aa507cc37068c6245ecfa57"},"name":"Shri Ramdas Bandu Athawale (2026-32)","house":"Rajya Sabha","state":"Maharashtra","constituency":"Sitting Rajya Sabha"}
{"_id":{"$oid":"6aa507cc37068c6245ecfa58"},"name":"Shri Ramji (2020-26)","house":"Rajya Sabha","state":"Uttar Pradesh","constituency":"Sitting Rajya Sabha"}
{"_id":{"$oid":"6aa507cc37068c6245ecfa59"},"name":"Shri Ramji Lal Suman (2024-30)","house":"Rajya Sabha","state":"Uttar Pradesh","constituency":"Sitting Rajya Sabha"}
{"_id":{"$oid":"6aa507cc37068c6245ecfa5a"},"name":"Shri Ramrao Sakharam Wadkute (2026-32)","house":"Rajya Sabha","state":"Maharashtra","constituency":"Sitting Rajya Sabha"}
{"_id":{"$oid":"6aa507cc37068c6245ecfa5b"},"name":"Shri Randeep Singh Surjewala (2022-28)","house":"Rajya Sabha","state":"Rajasthan","constituency":"Sitting Rajya Sabha"}
{"_id":{"$oid":"6aa507cc37068c6245ecfa5c"},"name":"Shri Ratanjit Pratap Narain Singh (2024-30)","house":"Rajya Sabha","state":"Uttar Pradesh","constituency":"Sitting Rajya Sabha"}
{"_id":{"$oid":"6aa507cc37068c6245ecfa5d"},"name":"Shri Ravi Chandra Vaddiraju (2024-30)","house":"Rajya Sabha","state":"Telangana","constituency":"Sitting Rajya Sabha"}
{"_id":{"$oid":"6aa507cc37068c6245ecfa5e"},"name":"Shri Rwngwra Narzary (2022-28)","house":"Rajya Sabha","state":"Assam","constituency":"Sitting Rajya Sabha"}
{"_id":{"$oid":"6aa507cc37068c6245ecfa5f"},"name":"Shri Ryaga Krishnaiah (2024-28)","house":"Rajya Sabha","state":"Andhra Pradesh","constituency":"Sitting Rajya Sabha"}
{"_id":{"$oid":"6aa507cc37068c6245ecfa60"},"name":"Shri S Niranjan Reddy (2022-28)","house":"Rajya Sabha","state":"Andhra Pradesh","constituency":"Sitting Rajya Sabha"}
{"_id":{"$oid":"6aa507cc37068c6245ecfa61"},"name":"Shri S. Jaishankar (2023-29)","house":"Rajya Sabha","state":"Gujarat","constituency":"Sitting Rajya Sabha"}
{"_id":{"$oid":"6aa507cc37068c6245ecfa62"},"name":"Shri S. Kalyanasundaram (2022-28)","house":"Rajya Sabha","state":"Tamil Nadu","constituency":"Sitting Rajya Sabha"}
{"_id":{"$oid":"6aa507cc37068c6245ecfa63"},"name":"Shri S. Selvaganabathy (2021-27)","house":"Rajya Sabha","state":"Puducherry","constituency":"Sitting Rajya Sabha"}
{"_id":{"$oid":"6aa507cc37068c6245ecfa64"},"name":"Shri S.R. Sivalingam (2025-31)","house":"Rajya Sabha","state":"Tamil Nadu","constituency":"Sitting Rajya Sabha"}
{"_id":{"$oid":"6aa507cc37068c6245ecfa65"},"name":"Shri Sadanand Mhalu Shet Tanavade (2023-29)","house":"Rajya Sabha","state":"Goa","constituency":"Sitting Rajya Sabha"}
{"_id":{"$oid":"6aa507cc37068c6245ecfa66"},"name":"Shri Sajjad Ahmad Kichloo (2025-31)","house":"Rajya Sabha","state":"Jammu And Kashmir","constituency":"Sitting Rajya Sabha"}
{"_id":{"$oid":"6aa507cc37068c6245ecfa67"},"name":"Shri Samik Bhattacharya (2024-30)","house":"Rajya Sabha","state":"West Bengal","constituency":"Sitting Rajya Sabha"}
{"_id":{"$oid":"6aa507cc37068c6245ecfa68"},"name":"Shri Samirul Islam (2023-29)","house":"Rajya Sabha","state":"West Bengal","constituency":"Sitting Rajya Sabha"}
{"_id":{"$oid":"6aa507cc37068c6245ecfa69"},"name":"Shri Sana Sathish Babu (2026-32)","house":"Rajya Sabha","state":"Andhra Pradesh","constituency":"Sitting Rajya Sabha"}
{"_id":{"$oid":"6aa507cc37068c6245ecfa6a"},"name":"Shri Sandosh Kumar P (2022-28)","house":"Rajya Sabha","state":"Kerala","constituency":"Sitting Rajya Sabha"}
{"_id":{"$oid":"6aa507cc37068c6245ecfa6b"},"name":"Shri Sanjay Bhatia (2026-32)","house":"Rajya Sabha","state":"Haryana","constituency":"Sitting Rajya Sabha"}
{"_id":{"$oid":"6aa507cc37068c6245ecfa6c"},"name":"Shri Sanjay Kumar Jha (2024-30)","house":"Rajya Sabha","state":"Bihar","constituency":"Sitting Rajya Sabha"}
{"_id":{"$oid":"6aa507cc37068c6245ecfa6d"},"name":"Shri Sanjay Raut (2022-28)","house":"Rajya Sabha","state":"Maharashtra","constituency":"Sitting Rajya Sabha"}
{"_id":{"$oid":"6aa507cc37068c6245ecfa6e"},"name":"Shri Sanjay Seth (2024-30)","house":"Rajya Sabha","state":"Uttar Pradesh","constituency":"Sitting Rajya Sabha"}
{"_id":{"$oid":"6aa507cc37068c6245ecfa6f"},"name":"Shri Sanjay Singh (2024-30)","house":"Rajya Sabha","state":"Delhi","constituency":"Sitting Rajya Sabha"}
{"_id":{"$oid":"6aa507cc37068c6245ecfa70"},"name":"Shri Sanjay Yadav (2024-30)","house":"Rajya Sabha","state":"Bihar","constituency":"Sitting Rajya Sabha"}
{"_id":{"$oid":"6aa507cc37068c6245ecfa71"},"name":"Shri Sant Balbir Singh (2022-28)","house":"Rajya Sabha","state":"Punjab","constituency":"Sitting Rajya Sabha"}
{"_id":{"$oid":"6aa507cc37068c6245ecfa72"},"name":"Shri Sat Paul Sharma (2025-31)","house":"Rajya Sabha","state":"Jammu And Kashmir","constituency":"Sitting Rajya Sabha"}
{"_id":{"$oid":"6aa507cc37068c6245ecfa73"},"name":"Shri Satish Chandra Dubey (2022-28)","house":"Rajya Sabha","state":"Bihar","constituency":"Sitting Rajya Sabha"}
{"_id":{"$oid":"6aa507cc37068c6245ecfa74"},"name":"Shri Satnam Singh Sandhu (2024-30)","house":"Rajya Sabha","state":"Chandigarh","constituency":"Nominated Rajya Sabha"}
{"_id":{"$oid":"6aa507cc37068c6245ecfa75"},"name":"Shri Shambhu Sharan Patel (2022-28)","house":"Rajya Sabha","state":"Bihar","constituency":"Sitting Rajya Sabha"}
{"_id":{"$oid":"6aa507cc37068c6245ecfa76"},"name":"Shri Shivesh Kumar (2026-32)","house":"Rajya Sabha","state":"Bihar","constituency":"Sitting Rajya Sabha"}
{"_id":{"$oid":"6aa507cc37068c6245ecfa77"},"name":"Shri Subhash Barala (2024-30)","house":"Rajya Sabha","state":"Haryana","constituency":"Sitting Rajya Sabha"}
{"_id":{"$oid":"6aa507cc37068c6245ecfa78"},"name":"Shri Subhasish Khuntia (2024-30)","house":"Rajya Sabha","state":"Odisha","constituency":"Sitting Rajya Sabha"}
{"_id":{"$oid":"6aa507cc37068c6245ecfa79"},"name":"Shri Sujeet Kumar (2026-32)","house":"Rajya Sabha","state":"Odisha","constituency":"Sitting Rajya Sabha"}
{"_id":{"$oid":"6aa507cc37068c6245ecfa7a"},"name":"Shri Surendra Singh Nagar (2022-28)","house":"Rajya Sabha","state":"Uttar Pradesh","constituency":"Sitting Rajya Sabha"}
{"_id":{"$oid":"6aa507cc37068c6245ecfa7b"},"name":"Shri Tai Tagak (2026-32)","house":"Rajya Sabha","state":"Arunachal Pradesh","constituency":"Sitting Rajya Sabha"}
{"_id":{"$oid":"6aa507cc37068c6245ecfa7c"},"name":"Shri Tarun Chugh (2026-32)","house":"Rajya Sabha","state":"Madhya Pradesh","constituency":"Sitting Rajya Sabha"}
{"_id":{"$oid":"6aa507cc37068c6245ecfa7d"},"name":"Shri Tejveer Singh (2024-30)","house":"Rajya Sabha","state":"Uttar Pradesh","constituency":"Sitting Rajya Sabha"}
{"_id":{"$oid":"6aa507cc37068c6245ecfa7e"},"name":"Shri Terash Gowalla (2026-32)","house":"Rajya Sabha","state":"Assam","constituency":"Sitting Rajya Sabha"}
{"_id":{"$oid":"6aa507cc37068c6245ecfa7f"},"name":"Shri Tiruchi Siva (2026-32)","house":"Rajya Sabha","state":"Tamil Nadu","constituency":"Sitting Rajya Sabha"}
{"_id":{"$oid":"6aa507cc37068c6245ecfa80"},"name":"Shri Ujjwal Deorao Nikam (2025-31)","house":"Rajya Sabha","state":"Maharashtra","constituency":"Nominated Rajya Sabha"}
{"_id":{"$oid":"6aa507cc37068c6245ecfa81"},"name":"Shri Upendra Kushwaha (2026-32)","house":"Rajya Sabha","state":"Bihar","constituency":"Sitting Rajya Sabha"}
{"_id":{"$oid":"6aa507cc37068c6245ecfa82"},"name":"Shri V. Vijayendra Prasad (2022-28)","house":"Rajya Sabha","state":"Andhra Pradesh","constituency":"Nominated Rajya Sabha"}
{"_id":{"$oid":"6aa507cc37068c6245ecfa83"},"name":"Shri Vijay Chintakayala (2026-32)","house":"Rajya Sabha","state":"Andhra Pradesh","constituency":"Sitting Rajya Sabha"}
{"_id":{"$oid":"6aa507cc37068c6245ecfa84"},"name":"Shri Vinod Shridhar Tawde (2026-32)","house":"Rajya Sabha","state":"Maharashtra","constituency":"Sitting Rajya Sabha"}
{"_id":{"$oid":"6aa507cc37068c6245ecfa85"},"name":"Shri Vivek K. Tankha (2022-28)","house":"Rajya Sabha","state":"Madhya Pradesh","constituency":"Sitting Rajya Sabha"}
{"_id":{"$oid":"6aa507cc37068c6245ecfa86"},"name":"Shri Yerram Venkata Subba Reddy (2024-30)","house":"Rajya Sabha","state":"Andhra Pradesh","constituency":"Sitting Rajya Sabha"}
{"_id":{"$oid":"6aa507cc37068c6245ecfa87"},"name":"Smt. Adhikarimayum Sharda Devi (2026-32)","house":"Rajya Sabha","state":"Manipur","constituency":"Sitting Rajya Sabha"}
{"_id":{"$oid":"6aa507cc37068c6245ecfa88"},"name":"Smt. Darshana Singh (2022-28)","house":"Rajya Sabha","state":"Uttar Pradesh","constituency":"Sitting Rajya Sabha"}
{"_id":{"$oid":"6aa507cc37068c6245ecfa89"},"name":"Smt. Geeta alias Chandraprabha (2020-26)","house":"Rajya Sabha","state":"Uttar Pradesh","constituency":"Sitting Rajya Sabha"}
{"_id":{"$oid":"6aa507cc37068c6245ecfa8a"},"name":"Smt. Jaya Amitabh Bachchan (2024-30)","house":"Rajya Sabha","state":"Uttar Pradesh","constituency":"Sitting Rajya Sabha"}
{"_id":{"$oid":"6aa507cc37068c6245ecfa8b"},"name":"Smt. Jebi Mather Hisham (2022-28)","house":"Rajya Sabha","state":"Kerala","constituency":"Sitting Rajya Sabha"}
{"_id":{"$oid":"6aa507cc37068c6245ecfa8c"},"name":"Smt. Laxmi Verma (2026-32)","house":"Rajya Sabha","state":"Chhattisgarh","constituency":"Sitting Rajya Sabha"}
{"_id":{"$oid":"6aa507cc37068c6245ecfa8d"},"name":"Smt. Mahua Maji (2022-28)","house":"Rajya Sabha","state":"Jharkhand","constituency":"Sitting Rajya Sabha"}
{"_id":{"$oid":"6aa507cc37068c6245ecfa8e"},"name":"Smt. Mamata Thakur (2024-30)","house":"Rajya Sabha","state":"West Bengal","constituency":"Sitting Rajya Sabha"}
{"_id":{"$oid":"6aa507cc37068c6245ecfa8f"},"name":"Smt. Maya Chintaman Ivnate (2026-32)","house":"Rajya Sabha","state":"Maharashtra","constituency":"Sitting Rajya Sabha"}
{"_id":{"$oid":"6aa507cc37068c6245ecfa90"},"name":"Smt. Maya Naroliya (2024-30)","house":"Rajya Sabha","state":"Madhya Pradesh","constituency":"Sitting Rajya Sabha"}
{"_id":{"$oid":"6aa507cc37068c6245ecfa91"},"name":"Smt. Nirmala Sitharaman (2022-28)","house":"Rajya Sabha","state":"Karnataka","constituency":"Sitting Rajya Sabha"}
{"_id":{"$oid":"6aa507cc37068c6245ecfa92"},"name":"Smt. P. T. Usha (2022-28)","house":"Rajya Sabha","state":"Kerala","constituency":"Nominated Rajya Sabha"}
{"_id":{"$oid":"6aa507cc37068c6245ecfa93"},"name":"Smt. Phulo Devi Netam (2026-32)","house":"Rajya Sabha","state":"Chhattisgarh","constituency":"Sitting Rajya Sabha"}
{"_id":{"$oid":"6aa507cc37068c6245ecfa94"},"name":"Smt. Rajathi (2025-31)","house":"Rajya Sabha","state":"Tamil Nadu","constituency":"Sitting Rajya Sabha"}
{"_id":{"$oid":"6aa507cc37068c6245ecfa95"},"name":"Smt. Ranjeet Ranjan (2022-28)","house":"Rajya Sabha","state":"Chhattisgarh","constituency":"Sitting Rajya Sabha"}
{"_id":{"$oid":"6aa507cc37068c6245ecfa96"},"name":"Smt. Rekha Sharma (2024-28)","house":"Rajya Sabha","state":"Haryana","constituency":"Sitting Rajya Sabha"}
{"_id":{"$oid":"6aa507cc37068c6245ecfa97"},"name":"Smt. Renuka Chowdhury (2024-30)","house":"Rajya Sabha","state":"Telangana","constituency":"Sitting Rajya Sabha"}
{"_id":{"$oid":"6aa507cc37068c6245ecfa98"},"name":"Smt. S. Phangnon Konyak (2022-28)","house":"Rajya Sabha","state":"Nagaland","constituency":"Sitting Rajya Sabha"}
{"_id":{"$oid":"6aa507cc37068c6245ecfa99"},"name":"Smt. Sadhna Singh (2024-30)","house":"Rajya Sabha","state":"Uttar Pradesh","constituency":"Sitting Rajya Sabha"}
{"_id":{"$oid":"6aa507cc37068c6245ecfa9a"},"name":"Smt. Sagarika Ghose (2024-30)","house":"Rajya Sabha","state":"West Bengal","constituency":"Sitting Rajya Sabha"}
{"_id":{"$oid":"6aa507cc37068c6245ecfa9b"},"name":"Smt. Sangeeta Yadav (2022-28)","house":"Rajya Sabha","state":"Uttar Pradesh","constituency":"Sitting Rajya Sabha"}
{"_id":{"$oid":"6aa507cc37068c6245ecfa9c"},"name":"Smt. Seema Dwivedi (2020-26)","house":"Rajya Sabha","state":"Uttar Pradesh","constituency":"Sitting Rajya Sabha"}
{"_id":{"$oid":"6aa507cc37068c6245ecfa9d"},"name":"Smt. Sonia Gandhi (2024-30)","house":"Rajya Sabha","state":"Rajasthan","constituency":"Sitting Rajya Sabha"}
{"_id":{"$oid":"6aa507cc37068c6245ecfa9e"},"name":"Smt. Sudha Murty (2024-30)","house":"Rajya Sabha","state":"Karnataka","constituency":"Nominated Rajya Sabha"}
{"_id":{"$oid":"6aa507cc37068c6245ecfa9f"},"name":"Smt. Sulata Deo (2022-28)","house":"Rajya Sabha","state":"Odisha","constituency":"Sitting Rajya Sabha"}
{"_id":{"$oid":"6aa507cc37068c6245ecfaa0"},"name":"Smt. Sumitra Balmik (2022-28)","house":"Rajya Sabha","state":"Madhya Pradesh","constituency":"Sitting Rajya Sabha"}
